date,front_expiry,next_expiry,spot,atm_strike,front_iv,next_iv,next_minus_front,z_score
2024-12-26,2025-01-02,2025-01-09,23750.2,23750,0.1397755397477245,0.14038456230442614,0.0006,
2024-12-27,2025-01-02,2025-01-09,23813.4,23800,0.11782503014598623,0.1265955799384211,0.0088,
2024-12-30,2025-01-02,2025-01-09,23644.9,23650,0.15550633881201803,0.14026027001003014,-0.0152,
2024-12-31,2025-01-02,2025-01-09,23644.8,23650,0.19334489245564285,0.1553717775867801,-0.038,
2025-01-01,2025-01-02,2025-01-09,23742.9,23750,0.23858479239149893,0.16262991555288858,-0.076,
2025-01-02,2025-01-09,2025-01-16,24188.65,24200,0.13687806140732653,0.13488223586696899,-0.002,
2025-01-03,2025-01-09,2025-01-16,24004.75,24000,0.12625211616600748,0.13056365391238142,0.0043,
2025-01-06,2025-01-09,2025-01-16,23616.05,23600,0.22129947548027276,0.1806434397634764,-0.0407,
2025-01-07,2025-01-09,2025-01-16,23707.9,23700,0.1659104984828073,0.14974052831117146,-0.0162,
2025-01-08,2025-01-09,2025-01-16,23688.95,23700,0.13688125343312188,0.13698356136513376,0.0001,
2025-01-09,2025-01-16,2025-01-23,23526.5,23550,0.13889654660219514,0.1408708760253091,0.002,0.766
2025-01-10,2025-01-16,2025-01-23,23431.5,23450,0.12962125302838595,0.13953292900638636,0.0099,1.068
2025-01-13,2025-01-16,2025-01-23,23085.95,23100,0.16116645947427444,0.15679678049066487,-0.0044,0.5
2025-01-14,2025-01-16,2025-01-23,23176.05,23200,0.13068874614393508,0.1391611911445067,0.0085,0.951
2025-01-15,2025-01-16,2025-01-23,23213.2,23200,0.11634897881573691,0.13210448453466211,0.0158,1.061
2025-01-16,2025-01-23,2025-01-30,23311.8,23300,0.1507158509306321,0.14490377376693261,-0.0058,-0.231
2025-01-17,2025-01-23,2025-01-30,23203.2,23200,0.14006050668112338,0.14263640031956032,0.0026,0.343
2025-01-20,2025-01-23,2025-01-30,23344.75,23350,0.16266370376765416,0.1512210907409991,-0.0114,-0.563
2025-01-21,2025-01-23,2025-01-30,23024.65,23000,0.18898020320651604,0.1634348523878502,-0.0255,-2.736
2025-01-22,2025-01-23,2025-01-30,23155.35,23150,0.12749496542665814,0.14107304244214594,0.0136,1.286
2025-01-23,2025-01-30,2025-02-06,23205.35,23200,0.14667458190640037,0.1890744464837278,0.0424,3.482
2025-01-24,2025-01-30,2025-02-06,23092.2,23100,0.14086023681296617,0.1889229638913928,0.0481,2.499
2025-01-27,2025-01-30,2025-02-06,22829.15,22850,0.18888483156637192,0.2181715310194572,0.0293,0.959
2025-01-28,2025-01-30,2025-02-06,22957.25,22950,0.20397501481049593,0.22961144253040727,0.0256,0.624
2025-01-29,2025-01-30,2025-02-06,23163.1,23150,0.30825725642539537,0.2547632553428241,-0.0535,-2.975
2025-01-30,2025-02-06,2025-02-13,23249.5,23250,0.24447564475078024,0.20601275715668446,-0.0385,-1.496
2025-01-31,2025-02-06,2025-02-13,23508.4,23500,0.2026584943037279,0.1773824890630157,-0.0253,-0.868
2025-02-01,2025-02-06,2025-02-13,23482.15,23500,0.12819182625820902,0.1349198450704881,0.0067,0.183
2025-02-03,2025-02-06,2025-02-13,23361.05,23350,0.13554122915798375,0.1421602913071317,0.0066,0.127
2025-02-04,2025-02-06,2025-02-13,23739.25,23750,0.13136278883772326,0.13448264297909757,0.0031,-0.074
2025-02-05,2025-02-06,2025-02-13,23696.3,23700,0.14884457215909908,0.13910260674497557,-0.0097,-0.436
2025-02-06,2025-02-13,2025-02-20,23603.35,23600,0.14440073270903353,0.13665730806810672,-0.0077,-0.231
2025-02-07,2025-02-13,2025-02-20,23559.95,23550,0.12527382661087227,0.13029187610296306,0.005,0.45
2025-02-10,2025-02-13,2025-02-20,23381.6,23400,0.16444302339518696,0.14388079699840844,-0.0206,-0.521
2025-02-11,2025-02-13,2025-02-20,23071.8,23050,0.17063538265612527,0.15105646295241154,-0.0196,-0.315
2025-02-12,2025-02-13,2025-02-20,23045.25,23050,0.17299454100988587,0.14617522962139323,-0.0268,-1.131
2025-02-13,2025-02-20,2025-02-27,23031.4,23050,0.14370063988125098,0.13804470811971342,-0.0057,0.243
2025-02-14,2025-02-20,2025-02-27,22929.25,22950,0.139373085692884,0.1375594574562383,-0.0018,0.434
2025-02-17,2025-02-20,2025-02-27,22959.5,22950,0.18364554903006622,0.15434085368409933,-0.0293,-1.972
2025-02-18,2025-02-20,2025-02-27,22945.3,22950,0.17303969052880297,0.14835308590886065,-0.0247,-1.161
2025-02-19,2025-02-20,2025-02-27,22932.9,22950,0.17418630918747502,0.1404735697987209,-0.0337,-1.772
2025-02-20,2025-02-27,2025-03-06,22913.15,22900,0.12910181774455348,0.13757422828793883,0.0085,2.019
2025-02-21,2025-02-27,2025-03-06,22795.9,22800,0.12247913784157433,0.13360452841734963,0.0111,1.813
2025-02-24,2025-02-27,2025-03-06,22553.35,22550,0.1276150808793654,0.13527360590070311,0.0077,1.439
2025-02-25,2025-02-27,2025-03-06,22547.55,22550,0.08408374950428274,0.11797002104266266,0.0339,2.763
2025-02-27,2025-03-06,2025-03-13,22545.05,22550,0.11674107919572009,0.11875958273957797,0.002,0.386
2025-02-28,2025-03-06,2025-03-13,22124.7,22100,0.13193580594504056,0.13397603570932232,0.002,0.262
2025-03-03,2025-03-06,2025-03-13,22119.3,22100,0.14569869270052,0.13570965253807576,-0.01,-0.38
2025-03-04,2025-03-06,2025-03-13,22082.65,22100,0.14967400221273763,0.13415832426442015,-0.0155,-0.612
2025-03-05,2025-03-06,2025-03-13,22337.3,22350,0.17019085302339662,0.13183996808478216,-0.0384,-1.963
2025-03-06,2025-03-13,2025-03-20,22544.7,22550,0.12694810771460982,0.12698935657093574,0.0,0.157
2025-03-07,2025-03-13,2025-03-20,22552.5,22550,0.11773898532872601,0.12109913945428655,0.0034,0.182
2025-03-10,2025-03-13,2025-03-20,22460.3,22450,0.14587116542536568,0.13018030125115304,-0.0157,-0.861
2025-03-11,2025-03-13,2025-03-20,22497.9,22500,0.15647850297129207,0.13457146687631574,-0.0219,-1.054
2025-03-12,2025-03-13,2025-03-20,22470.5,22450,0.13960992671257616,0.12059220773688945,-0.019,-0.709
2025-03-13,2025-03-20,2025-03-27,22397.2,22400,0.10906255627992531,0.12050077560931777,0.0114,1.772
2025-03-17,2025-03-20,2025-03-27,22508.75,22500,0.1400007988713653,0.12898142106694618,-0.011,-0.045
2025-03-18,2025-03-20,2025-03-27,22834.3,22850,0.13655961051830137,0.12299205426594899,-0.0136,-0.144
2025-03-19,2025-03-20,2025-03-27,22907.6,22900,0.1613397560778799,0.12419282046928332,-0.0371,-1.867
2025-03-20,2025-03-27,2025-04-03,23190.65,23200,0.10470676621707983,0.10859162661247991,0.0039,1.175
2025-03-21,2025-03-27,2025-04-03,23350.4,23350,0.10399490530118,0.10938110657258752,0.0054,1.104
2025-03-24,2025-03-27,2025-04-03,23658.35,23650,0.1598712285797524,0.13346815042901025,-0.0264,-1.181
2025-03-25,2025-03-27,2025-04-03,23668.65,23650,0.15490617149198538,0.13029585943610164,-0.0246,-0.841
2025-03-26,2025-03-27,2025-04-03,23486.85,23500,0.1552687233517728,0.1274634761544121,-0.0278,-0.971
2025-03-27,2025-04-03,2025-04-09,23591.95,23600,0.12643504064883399,0.1345577324018154,0.0081,1.429
2025-03-28,2025-04-03,2025-04-09,23519.35,23500,0.09744136027611375,0.1162951412942703,0.0189,1.813
2025-04-01,2025-04-03,2025-04-09,23165.7,23150,0.15768988271625867,0.14004691191916246,-0.0176,-0.405
2025-04-02,2025-04-03,2025-04-09,23332.35,23350,0.15415486770177927,0.13464136920151026,-0.0195,-0.472
2025-04-02,2025-04-09,2025-04-17,23332.35,23350,0.13464136920151026,0.12521887677565138,-0.0094,0.126
2025-04-03,2025-04-09,2025-04-17,23250.1,23250,0.13384586779967433,0.12487920909142797,-0.009,-0.006
2025-04-04,2025-04-09,2025-04-17,22904.45,22900,0.11072624916751278,0.11862893786024853,0.0079,1.181
2025-04-07,2025-04-09,2025-04-17,22161.6,22150,0.46825311046660795,0.2942129906076818,-0.174,-10.521
2025-04-08,2025-04-09,2025-04-17,22535.85,22550,0.3680342140371629,0.2270601632148758,-0.141,-2.242
2025-04-11,2025-04-17,2025-04-24,22828.55,22850,0.2066691024369771,0.1984565571094446,-0.0082,0.45
2025-04-15,2025-04-17,2025-04-24,23328.55,23350,0.13859378968254743,0.14616547280839123,0.0076,0.666
2025-04-16,2025-04-17,2025-04-24,23437.2,23450,0.17548627799278305,0.14706640121026018,-0.0284,0.096
2025-04-17,2025-04-24,2025-04-30,23851.65,23850,0.14577517587480554,0.14302094355382278,-0.0028,0.6
2025-04-21,2025-04-24,2025-04-30,24125.55,24150,0.13010951927762815,0.13894252338224689,0.0088,0.759
2025-04-22,2025-04-24,2025-04-30,24167.25,24150,0.12999394603595937,0.13952206927408445,0.0095,0.708
2025-04-23,2025-04-24,2025-04-30,24328.95,24350,0.13501033179754535,0.14701610374883664,0.012,0.706
2025-04-23,2025-04-30,2025-05-08,24328.95,24350,0.14701610374883664,0.14676093216594133,-0.0003,0.472
2025-04-24,2025-04-30,2025-05-08,24246.7,24250,0.15780659610834047,0.15435592403664727,-0.0035,0.438
2025-04-25,2025-04-30,2025-05-08,24039.35,24050,0.1453555450243659,0.15116320367378175,0.0058,0.469
2025-04-28,2025-04-30,2025-05-08,24328.5,24350,0.13827386545229714,0.15427383943141032,0.016,1.401
2025-04-29,2025-04-30,2025-05-08,24335.95,24350,0.10644941690076523,0.14898313405947394,0.0425,3.354
2025-05-02,2025-05-08,2025-05-15,24346.7,24350,0.1260178423841645,0.15528715614648303,0.0293,1.376
2025-05-05,2025-05-08,2025-05-15,24461.15,24450,0.11031379887986184,0.14670588108957938,0.0364,1.785
2025-05-06,2025-05-08,2025-05-15,24379.6,24400,0.11181936703428189,0.14374504303212707,0.0319,1.107
2025-05-07,2025-05-08,2025-05-15,24414.4,24400,0.10102448800507743,0.15540533646916632,0.0544,2.393
2025-05-08,2025-05-15,2025-05-22,24273.8,24250,0.1989775306283333,0.18563821333096145,-0.0133,-1.947
2025-05-09,2025-05-15,2025-05-22,24008.0,24000,0.18378713695291946,0.19002864223957955,0.0062,-0.648
2025-05-12,2025-05-15,2025-05-22,24924.7,24900,0.22692944641703386,0.1756344510271288,-0.0513,-3.485
2025-05-13,2025-05-15,2025-05-22,24578.35,24600,0.19580612804107528,0.17237677164337845,-0.0234,-1.336
2025-05-14,2025-05-15,2025-05-22,24666.9,24650,0.16767592117856273,0.14894261432317402,-0.0187,-1.0
2025-05-15,2025-05-22,2025-05-29,25062.1,25050,0.1399922410000976,0.14357629748952808,0.0036,-0.176
2025-05-16,2025-05-22,2025-05-29,25019.8,25000,0.13991579248033487,0.14525980283793158,0.0053,-0.007
2025-05-19,2025-05-22,2025-05-29,24945.45,24950,0.16704430819146984,0.15775103998331752,-0.0093,-0.414
2025-05-20,2025-05-22,2025-05-29,24683.9,24700,0.15861409642029373,0.15678421785313557,-0.0018,-0.012
2025-05-21,2025-05-22,2025-05-29,24813.45,24800,0.2164586228161236,0.15735416445115114,-0.0591,-2.112
2025-05-22,2025-05-29,2025-06-05,24609.7,24600,0.14831150546944677,0.15246794803585836,0.0042,0.935
2025-05-23,2025-05-29,2025-06-05,24853.15,24850,0.1593571710737982,0.15515925945772763,-0.0042,0.452
2025-05-26,2025-05-29,2025-06-05,25001.15,25000,0.22713138748374645,0.18322581911518948,-0.0439,-1.298
2025-05-27,2025-05-29,2025-06-05,24826.2,24850,0.2493029830690665,0.19247277510115252,-0.0568,-2.026
2025-05-28,2025-05-29,2025-06-05,24752.45,24750,0.20552531368002264,0.17789492998440917,-0.0276,-0.392
2025-05-29,2025-06-05,2025-06-12,24833.6,24850,0.14911214916731586,0.15131403751683042,0.0022,0.865
2025-05-30,2025-06-05,2025-06-12,24750.7,24750,0.16209231506797017,0.1663494121158,0.0043,0.962
2025-06-02,2025-06-05,2025-06-12,24716.6,24700,0.2386611428518688,0.19327539551396306,-0.0454,-1.081
2025-06-03,2025-06-05,2025-06-12,24542.5,24550,0.18989417965193983,0.17314472009087206,-0.0167,0.243
2025-06-04,2025-06-05,2025-06-12,24620.2,24600,0.14723754376151962,0.14689793123623776,-0.0003,0.988
2025-06-05,2025-06-12,2025-06-19,24750.9,24750,0.1368213527360721,0.14208614785903703,0.0053,1.069
2025-06-06,2025-06-12,2025-06-19,25003.05,25000,0.12950671269493358,0.13714912278269786,0.0076,1.162
2025-06-09,2025-06-12,2025-06-19,25103.2,25100,0.14729179664649633,0.1405575580323659,-0.0067,0.448
2025-06-10,2025-06-12,2025-06-19,25104.25,25100,0.11955961178099543,0.1219901416044414,0.0024,0.731
2025-06-11,2025-06-12,2025-06-19,25141.4,25150,0.14214555991695477,0.12044178070872333,-0.0217,-0.865
2025-06-12,2025-06-19,2025-06-26,24888.2,24900,0.130602846460402,0.13558766406067285,0.005,0.753
2025-06-13,2025-06-19,2025-06-26,24718.6,24700,0.14125823849846084,0.1447949914166936,0.0035,0.633
2025-06-16,2025-06-19,2025-06-26,24946.5,24950,0.14773339052183465,0.14377288811708216,-0.004,0.17
2025-06-17,2025-06-19,2025-06-26,24853.4,24850,0.1477831492998116,0.13999210614210877,-0.0078,-0.56
2025-06-18,2025-06-19,2025-06-26,24812.05,24800,0.1507712994203011,0.1401610849771628,-0.0106,-1.072
2025-06-19,2025-06-26,2025-07-03,24793.25,24800,0.1383423083697513,0.13877456506871605,0.0004,0.355
2025-06-20,2025-06-26,2025-07-03,25112.4,25100,0.11933611366661476,0.12698576945984238,0.0076,1.286
2025-06-23,2025-06-26,2025-07-03,24971.9,24950,0.14881932997938901,0.13976202176088837,-0.0091,-0.704
2025-06-24,2025-06-26,2025-07-03,25044.35,25050,0.1407530036459933,0.13325920802331948,-0.0075,-0.478
2025-06-25,2025-06-26,2025-07-03,25244.75,25250,0.11917551380026715,0.12203056085855943,0.0029,0.876
2025-06-26,2025-07-03,2025-07-10,25549.0,25550,0.12008351341495822,0.12632234712318863,0.0062,1.301
2025-06-27,2025-07-03,2025-07-10,25637.8,25650,0.1025689465804683,0.11424895250077699,0.0117,2.111
2025-06-30,2025-07-03,2025-07-10,25517.05,25500,0.13326599096941422,0.12599693211416596,-0.0073,-0.84
2025-07-01,2025-07-03,2025-07-10,25541.8,25550,0.11769717055038925,0.11589355522443053,-0.0018,-0.059
2025-07-02,2025-07-03,2025-07-10,25453.4,25450,0.12056599409222087,0.11425062623908383,-0.0063,-0.752
2025-07-03,2025-07-10,2025-07-17,25405.3,25400,0.11178444665834832,0.11500198043334797,0.0032,0.51
2025-07-04,2025-07-10,2025-07-17,25461.0,25450,0.10435170268974614,0.10862175765830649,0.0043,0.622
2025-07-07,2025-07-10,2025-07-17,25461.3,25450,0.12591903522703363,0.11640875369272213,-0.0095,-1.367
2025-07-08,2025-07-10,2025-07-17,25522.5,25500,0.11600710819936548,0.10997079836176733,-0.006,-0.83
2025-07-09,2025-07-10,2025-07-17,25476.1,25500,0.11355177944836649,0.10383411829751463,-0.0097,-1.433
2025-07-10,2025-07-17,2025-07-24,25355.25,25350,0.09834798616920051,0.10268391175789272,0.0043,0.825
2025-07-11,2025-07-17,2025-07-24,25149.85,25150,0.09468281493782488,0.10267819078985224,0.008,1.414
2025-07-14,2025-07-17,2025-07-24,25082.3,25100,0.10937977431100711,0.1087691512461613,-0.0006,0.239
2025-07-15,2025-07-17,2025-07-24,25195.8,25200,0.09737820039941406,0.09946597102408816,0.0021,0.589
2025-07-16,2025-07-17,2025-07-24,25212.05,25200,0.09292451492577017,0.09303228685185039,0.0001,0.185
2025-07-17,2025-07-24,2025-07-31,25111.45,25100,0.09639160992023121,0.10064514288979257,0.0043,0.809
2025-07-18,2025-07-24,2025-07-31,24968.4,24950,0.1024401246718364,0.10275361377834258,0.0003,0.097
2025-07-21,2025-07-24,2025-07-31,25090.7,25100,0.09685295571871536,0.09747553595458111,0.0006,0.224
2025-07-22,2025-07-24,2025-07-31,25060.9,25050,0.09156433294406556,0.09219669135431739,0.0006,0.054
2025-07-23,2025-07-24,2025-07-31,25219.9,25200,0.0930142549318886,0.0872874217878162,-0.0057,-1.534
2025-07-24,2025-07-31,2025-08-07,25062.1,25050,0.08930315758072938,0.09312578790571374,0.0038,0.694
2025-07-25,2025-07-31,2025-08-07,24837.0,24850,0.09360097892018909,0.10009704768455756,0.0065,1.507
2025-07-28,2025-07-31,2025-08-07,24680.9,24700,0.11559412762468163,0.11310128261632132,-0.0025,-1.177
2025-07-29,2025-07-31,2025-08-07,24821.1,24800,0.10686024362463684,0.1060131797046977,-0.0008,-0.548
2025-07-30,2025-07-31,2025-08-07,24855.05,24850,0.11293419958451473,0.103470598520981,-0.0095,-3.079
2025-07-31,2025-08-07,2025-08-14,24768.35,24750,0.11341118392218197,0.1092191864840215,-0.0042,-0.875
2025-08-01,2025-08-07,2025-08-14,24565.35,24550,0.11651567263684598,0.11602838572448698,-0.0005,0.134
2025-08-04,2025-08-07,2025-08-14,24722.75,24700,0.1258645659274954,0.11518841818809541,-0.0107,-2.179
2025-08-05,2025-08-07,2025-08-14,24649.55,24650,0.12096339817783057,0.10675427021252044,-0.0142,-2.307
2025-08-06,2025-08-07,2025-08-14,24574.2,24550,0.14591733413260077,0.11006278846654866,-0.0359,-5.228
2025-08-07,2025-08-14,2025-08-21,24596.15,24600,0.10133349073490332,0.10031407565398526,-0.001,0.506
2025-08-08,2025-08-14,2025-08-21,24363.3,24350,0.10459148113939017,0.10341346416634556,-0.0012,0.547
2025-08-11,2025-08-14,2025-08-21,24585.05,24600,0.11149913821953661,0.10160015773635353,-0.0099,-0.178
2025-08-12,2025-08-14,2025-08-21,24487.4,24500,0.10790282494406095,0.10107292251751247,-0.0068,0.195
2025-08-13,2025-08-14,2025-08-21,24619.35,24600,0.11307395767710121,0.10176958898572197,-0.0113,-0.193
2025-08-14,2025-08-21,2025-08-28,24631.3,24650,0.10389293172540859,0.10388481155384027,-0.0,0.966
2025-08-18,2025-08-21,2025-08-28,24876.95,24900,0.11926079600584788,0.1073649600375276,-0.0119,-0.269
2025-08-19,2025-08-21,2025-08-28,24980.65,25000,0.10250451548900184,0.09688353264519224,-0.0056,0.478
2025-08-20,2025-08-21,2025-08-28,25050.55,25050,0.10125732801732167,0.09529168840531058,-0.006,0.382
2025-08-21,2025-08-28,2025-09-02,25083.75,25100,0.08726887599654154,0.09279256364206849,0.0055,1.469
2025-08-22,2025-08-28,2025-09-02,24870.1,24850,0.0911041402956889,0.09694461220421748,0.0058,2.002
2025-08-25,2025-08-28,2025-09-02,24967.75,24950,0.08615524377999337,0.09023328623528731,0.0041,1.346
2025-08-26,2025-08-28,2025-09-02,24712.05,24700,0.09648678412983702,0.09742779912730241,0.0009,0.687
2025-08-26,2025-09-02,2025-09-09,24712.05,24700,0.09742779912730241,0.10326776286712983,0.0058,1.316
2025-08-28,2025-09-02,2025-09-09,24500.9,24500,0.10152289387031883,0.10763915479482472,0.0061,1.117
2025-08-29,2025-09-02,2025-09-09,24426.85,24450,0.08306017985018986,0.10008949215910852,0.017,2.758
2025-09-01,2025-09-02,2025-09-09,24625.05,24650,0.09426612345284215,0.09463975337094988,0.0004,-0.228
2025-09-02,2025-09-09,2025-09-16,24579.6,24600,0.0981552969134946,0.0992288837770676,0.0011,-0.367
2025-09-03,2025-09-09,2025-09-16,24715.05,24700,0.08749690109813138,0.09305938867037655,0.0056,0.273
2025-09-04,2025-09-09,2025-09-16,24734.3,24750,0.08557444265872499,0.09235364476544222,0.0068,0.351
2025-09-05,2025-09-09,2025-09-16,24741.0,24750,0.07881966444691779,0.08947633066266861,0.0107,1.186
2025-09-08,2025-09-09,2025-09-16,24773.15,24750,0.11549950149578453,0.09599864842937908,-0.0195,-5.301
2025-09-09,2025-09-16,2025-09-23,24868.6,24850,0.09226189271582438,0.09581070027258343,0.0035,0.001
2025-09-10,2025-09-16,2025-09-23,24973.1,24950,0.08895698915773541,0.09710529602602831,0.0081,0.485
2025-09-11,2025-09-16,2025-09-23,25005.5,25000,0.08086587520061365,0.0889216628601662,0.0081,0.455
2025-09-12,2025-09-16,2025-09-23,25114.0,25100,0.06934769544842348,0.08504348748381844,0.0157,1.263
2025-09-15,2025-09-16,2025-09-23,25069.2,25050,0.09989405366300619,0.09215216012317845,-0.0077,-1.314
2025-09-23,2025-09-30,2025-10-07,25169.5,25150,0.09373101692755195,0.09692315469423596,0.0032,-0.004
2025-09-24,2025-09-30,2025-10-07,25056.9,25050,0.08333871320257666,0.08980719464866344,0.0065,0.319
2025-09-25,2025-09-30,2025-10-07,24890.85,24900,0.08507996045178703,0.09343543135435414,0.0084,0.507
2025-09-26,2025-09-30,2025-10-07,24654.7,24650,0.08620518208079188,0.09886042586231863,0.0127,0.933
2025-09-29,2025-09-30,2025-10-07,24634.9,24650,0.10744466138287583,0.1035853386471757,-0.0039,-0.795
2025-09-30,2025-10-07,2025-10-14,24611.1,24600,0.09864154171247994,0.10211234258626659,0.0035,-0.292
2025-10-01,2025-10-07,2025-10-14,24836.3,24850,0.07445531986154665,0.0856919507537123,0.0112,0.855
2025-10-03,2025-10-07,2025-10-14,24894.25,24900,0.06238945899517418,0.07975199362631519,0.0174,1.686
2025-10-06,2025-10-07,2025-10-14,25077.65,25100,0.0859588592487652,0.083765753397594,-0.0022,-1.152
2025-10-07,2025-10-14,2025-10-20,25108.3,25100,0.08079879880575322,0.0873603833740274,0.0066,0.225
2025-10-08,2025-10-14,2025-10-20,25046.15,25050,0.07909941394896286,0.08726044935663246,0.0082,0.299
2025-10-09,2025-10-14,2025-10-20,25181.8,25200,0.07151723363875215,0.08419740504214286,0.0127,0.954
2025-10-10,2025-10-14,2025-10-20,25285.35,25300,0.06914487428691438,0.08498680093893139,0.0158,1.306
2025-10-13,2025-10-14,2025-10-20,25227.35,25250,0.10533457808567824,0.10093735635659093,-0.0044,-1.836
2025-10-13,2025-10-20,2025-10-28,25227.35,25250,0.10093735635659093,0.09913887594104291,-0.0018,-1.088
2025-10-14,2025-10-20,2025-10-28,25145.5,25150,0.10972947049589782,0.10354970982561998,-0.0062,-1.754
2025-10-15,2025-10-20,2025-10-28,25323.55,25300,0.09634291573956742,0.09610720890404942,-0.0002,-0.715
2025-10-16,2025-10-20,2025-10-28,25585.3,25600,0.08637706776814053,0.09156340864612858,0.0052,0.074
2025-10-17,2025-10-20,2025-10-28,25709.85,25700,0.08520312384796151,0.09661476067008212,0.0114,1.134
2025-10-21,2025-10-28,2025-11-04,25868.6,25850,0.08973991899540171,0.09773815305988513,0.008,0.455
2025-10-23,2025-10-28,2025-11-04,25891.4,25900,0.09790842024477815,0.1066956530345876,0.0088,0.543
2025-10-24,2025-10-28,2025-11-04,25795.15,25800,0.08576350936153944,0.10314336277483979,0.0174,1.717
2025-10-27,2025-10-28,2025-11-04,25966.05,25950,0.1436080014291145,0.12170522190697725,-0.0219,-3.466
2025-10-28,2025-11-04,2025-11-11,25936.2,25950,0.11414982260344511,0.112435099932679,-0.0017,-0.315
2025-10-29,2025-11-04,2025-11-11,26053.9,26050,0.11388325434836997,0.11026314588503618,-0.0036,-0.527
2025-10-30,2025-11-04,2025-11-11,25877.85,25900,0.09985245545917965,0.10319390165637309,0.0033,0.15
2025-10-31,2025-11-04,2025-11-11,25722.1,25700,0.10013854413875722,0.10506675979705812,0.0049,0.219
2025-11-03,2025-11-04,2025-11-11,25763.35,25750,0.1296472350344652,0.10960945417730174,-0.02,-2.284
2025-11-04,2025-11-11,2025-11-18,25597.65,25600,0.10175410583759187,0.11158951339692347,0.0098,0.746
2025-11-06,2025-11-11,2025-11-18,25509.7,25500,0.08860773583673874,0.10234128445180171,0.0137,1.089
2025-11-07,2025-11-11,2025-11-18,25492.3,25500,0.0818982629183788,0.10045071885532461,0.0186,1.393
2025-11-10,2025-11-11,2025-11-18,25574.35,25550,0.1195189665734946,0.10888327625861605,-0.0106,-0.937
2025-11-11,2025-11-18,2025-11-25,25694.95,25700,0.11070431640002686,0.11470866845336145,0.004,0.368
2025-11-12,2025-11-18,2025-11-25,25875.8,25900,0.10079325214549882,0.10670372118902005,0.0059,0.375
2025-11-13,2025-11-18,2025-11-25,25879.15,25900,0.11410371152415971,0.11052817688114216,-0.0036,-0.572
2025-11-14,2025-11-18,2025-11-25,25910.05,25900,0.09377107655357927,0.10771179605570035,0.0139,1.043
2025-11-17,2025-11-18,2025-11-25,26013.45,26000,0.12234308643261864,0.11030211152992275,-0.012,-1.379
2025-11-18,2025-11-25,2025-12-02,25910.05,25900,0.11048413772309797,0.11060060305698796,0.0001,-0.152
2025-11-19,2025-11-25,2025-12-02,26052.65,26050,0.10764516575280425,0.10869619115291435,0.0011,-0.29
2025-11-20,2025-11-25,2025-12-02,26192.15,26200,0.09679093090447247,0.10541747845089676,0.0086,0.563
2025-11-21,2025-11-25,2025-12-02,26068.15,26050,0.09493800247263406,0.10720373414461751,0.0123,1.042
2025-11-24,2025-11-25,2025-12-02,25959.5,25950,0.12921207257347697,0.11298984227629344,-0.0162,-2.17
2025-11-25,2025-12-02,2025-12-09,25884.8,25900,0.09860216711642139,0.10263305718211417,0.004,0.278
2025-11-26,2025-12-02,2025-12-09,26205.3,26200,0.09841725340985262,0.10278905533285565,0.0044,0.321
2025-11-27,2025-12-02,2025-12-09,26215.55,26200,0.08727383632326524,0.09535178938719839,0.0081,0.738
2025-11-28,2025-12-02,2025-12-09,26202.95,26200,0.08083189678462795,0.09266355101585975,0.0118,1.006
2025-12-01,2025-12-02,2025-12-09,26175.75,26200,0.10828297433877299,0.0993218079916366,-0.009,-1.236
2025-12-02,2025-12-09,2025-12-16,26032.2,26050,0.09834395286709485,0.10207750235912322,0.0037,0.137
2025-12-03,2025-12-09,2025-12-16,25986.0,26000,0.09104030297763316,0.09478724721803672,0.0037,0.095
2025-12-04,2025-12-09,2025-12-16,26033.75,26050,0.083726098321971,0.0903932949731584,0.0067,0.414
2025-12-05,2025-12-09,2025-12-16,26186.45,26200,0.06979549993002448,0.08377814273113102,0.014,1.302
2025-12-08,2025-12-09,2025-12-16,25960.55,25950,0.11161078621863056,0.09820058509455834,-0.0134,-1.902
2025-12-09,2025-12-16,2025-12-23,25839.65,25850,0.09367127752177781,0.09863942563068444,0.005,0.198
2025-12-10,2025-12-16,2025-12-23,25758.0,25750,0.09757822765614438,0.0993501189250227,0.0018,-0.21
2025-12-11,2025-12-16,2025-12-23,25898.55,25900,0.08316809872947967,0.09060397826967317,0.0074,0.513
2025-12-12,2025-12-16,2025-12-23,26046.95,26050,0.07066917924962088,0.0836108083837358,0.0129,1.206
2025-12-15,2025-12-16,2025-12-23,26027.3,26050,0.10756351508574102,0.09294354993629499,-0.0146,-2.183
2025-12-23,2025-12-30,2026-01-06,26177.15,26200,0.07706476683760122,0.08422316513498243,0.0072,0.49
2025-12-24,2025-12-30,2026-01-06,26142.1,26150,0.06293499336299355,0.07512172332759226,0.0122,0.988
2025-12-26,2025-12-30,2026-01-06,26042.3,26050,0.05892943095268783,0.07373500926746193,0.0148,1.128
2025-12-29,2025-12-30,2026-01-06,25942.1,25950,0.08912307332039818,0.08168140550908798,-0.0074,-1.193
2025-12-30,2026-01-06,2026-01-13,25938.85,25950,0.07979261643593541,0.08364854422297996,0.0039,0.128
2025-12-31,2026-01-06,2026-01-13,26129.6,26150,0.07498582084824895,0.08090356954904668,0.0059,0.181
2026-01-01,2026-01-06,2026-01-13,26146.55,26150,0.06387233988444269,0.07429304361704266,0.0104,0.684
2026-01-02,2026-01-06,2026-01-13,26328.55,26350,0.060649572398200444,0.07558889219638211,0.0149,1.084
2026-01-05,2026-01-06,2026-01-13,26250.3,26250,0.08438777963196278,0.0816321734626082,-0.0028,-0.945
2026-01-06,2026-01-13,2026-01-20,26178.7,26200,0.07581781233934212,0.0825681395392274,0.0068,0.251
2026-01-07,2026-01-13,2026-01-20,26140.75,26150,0.07185072296924286,0.07987442040818074,0.008,0.205
2026-01-08,2026-01-13,2026-01-20,25876.85,25900,0.07883249202308072,0.08703956829910942,0.0082,0.222
2026-01-09,2026-01-13,2026-01-20,25683.3,25700,0.08978155615923511,0.09497966683996995,0.0052,-0.16
2026-01-12,2026-01-13,2026-01-20,25790.25,25800,0.11885862967117529,0.10436310162912638,-0.0145,-3.277
2026-01-13,2026-01-20,2026-01-27,25732.3,25750,0.09528870044671593,0.09676483753690994,0.0015,-0.403
2026-01-14,2026-01-20,2026-01-27,25665.6,25650,0.09604861236332934,0.09731856988124535,0.0013,-0.395
2026-01-16,2026-01-20,2026-01-27,25694.35,25700,0.09220755068370659,0.09600806322477293,0.0038,-0.013
2026-01-19,2026-01-20,2026-01-27,25585.5,25600,0.11641800426849298,0.10001251368748124,-0.0164,-2.629
2026-01-20,2026-01-27,2026-02-03,25232.5,25250,0.11850777012099242,0.14022040987705287,0.0217,2.563
2026-01-21,2026-01-27,2026-02-03,25157.5,25150,0.11731311746632495,0.15187491716950308,0.0346,3.045
2026-01-22,2026-01-27,2026-02-03,25289.9,25300,0.10259218109875824,0.1459403688361017,0.0433,2.659
2026-01-23,2026-01-27,2026-02-03,25048.65,25050,0.10281607475136009,0.1632991460385088,0.0605,2.822
2026-01-27,2026-02-03,2026-02-10,25175.4,25200,0.17830473709964678,0.15912183712322622,-0.0192,-1.39
2026-01-28,2026-02-03,2026-02-10,25342.75,25350,0.15761103387917366,0.14171814655493054,-0.0159,-1.064
2026-01-29,2026-02-03,2026-02-10,25418.9,25400,0.15837903963924138,0.13975501192254375,-0.0186,-1.156
2026-01-30,2026-02-03,2026-02-10,25320.65,25300,0.17727249512161597,0.14759555775731703,-0.0297,-1.427
2026-02-01,2026-02-03,2026-02-10,24825.45,24850,0.23157475124065888,0.16989431895556165,-0.0617,-2.28
2026-02-02,2026-02-03,2026-02-10,25088.4,25100,0.17378283141383183,0.14105144581601717,-0.0327,-0.899
2026-02-03,2026-02-10,2026-02-17,25727.55,25750,0.1333906846827182,0.12494618568283354,-0.0084,-0.178
2026-02-04,2026-02-10,2026-02-17,25776.0,25800,0.12297391827545238,0.11551709809193357,-0.0075,-0.075
2026-02-05,2026-02-10,2026-02-17,25642.8,25650,0.11132705261605702,0.10824941841629596,-0.0031,0.173
2026-02-06,2026-02-10,2026-02-17,25693.7,25700,0.09650993427064283,0.102348812345105,0.0058,0.66
2026-02-09,2026-02-10,2026-02-17,25867.3,25850,0.12567642781742192,0.10588532746311174,-0.0198,-0.039
2026-02-10,2026-02-17,2026-02-24,25935.15,25950,0.09543410498671018,0.097137790653403,0.0017,1.157
2026-02-11,2026-02-17,2026-02-24,25953.85,25950,0.09053451887165836,0.09518958391623855,0.0047,1.158
2026-02-12,2026-02-17,2026-02-24,25807.2,25800,0.0906023179442931,0.09614071213959424,0.0055,1.019
2026-02-13,2026-02-17,2026-02-24,25471.1,25450,0.11157677831294871,0.11645250462081895,0.0049,0.807
2026-02-16,2026-02-17,2026-02-24,25682.75,25700,0.13551977835332588,0.11546619372453708,-0.0201,-1.254
2026-02-17,2026-02-24,2026-03-02,25725.4,25750,0.10618624398805734,0.11092576341083116,0.0047,0.872
2026-02-18,2026-02-24,2026-03-02,25819.35,25800,0.09802677753956542,0.10443395613507853,0.0064,0.898
2026-02-19,2026-02-24,2026-03-02,25454.35,25450,0.12379912873007819,0.12488755742091193,0.0011,0.206
2026-02-20,2026-02-24,2026-03-02,25571.25,25550,0.11055689044590598,0.12382285035738247,0.0133,1.402
2026-02-23,2026-02-24,2026-03-02,25713.0,25700,0.15187876865531158,0.1338498824460504,-0.018,-1.727
2026-02-23,2026-03-02,2026-03-10,25713.0,25700,0.1338498824460504,0.12569907778789857,-0.0082,-0.843
2026-02-24,2026-03-02,2026-03-10,25424.65,25400,0.13960973442990707,0.13265886492027795,-0.007,-0.61
2026-02-25,2026-03-02,2026-03-10,25482.5,25500,0.1208357550268717,0.12245515607090673,0.0016,0.317
2026-02-26,2026-03-02,2026-03-10,25496.55,25500,0.11057144239255942,0.11676876126692658,0.0062,0.807
2026-02-27,2026-03-02,2026-03-10,25178.65,25200,0.11119322214200958,0.1288154949105603,0.0176,1.88
2026-03-04,2026-03-10,2026-03-17,24473.95,24450,0.24850892863722088,0.22414083110027921,-0.0244,-2.616
2026-03-05,2026-03-10,2026-03-17,24737.45,24750,0.18612680959502936,0.18000379746358716,-0.0061,-0.393
2026-03-06,2026-03-10,2026-03-17,24469.4,24450,0.20780038157621505,0.21064709625042483,0.0028,0.418
2026-03-09,2026-03-10,2026-03-17,24005.8,24000,0.3647107059793073,0.2901718457834809,-0.0745,-5.789
2026-03-10,2026-03-17,2026-03-24,24286.15,24300,0.20355716629611664,0.1943750525192998,-0.0092,0.075
2026-03-11,2026-03-17,2026-03-24,23848.2,23850,0.24153742893018876,0.2271798093173108,-0.0144,-0.179
2026-03-12,2026-03-17,2026-03-24,23639.35,23650,0.22740253832346458,0.22952795468814363,0.0021,0.536
2026-03-13,2026-03-17,2026-03-24,23170.9,23150,0.25786942842410826,0.256036893067979,-0.0018,0.331
2026-03-16,2026-03-17,2026-03-24,23355.6,23350,0.2906537793788919,0.2478392553474773,-0.0428,-1.354
2026-03-17,2026-03-24,2026-03-30,23558.8,23550,0.19796702792355664,0.19867077424715246,0.0007,0.625
2026-03-18,2026-03-24,2026-03-30,23764.1,23750,0.17209227856656592,0.17441926640554023,0.0023,0.812
2026-03-19,2026-03-24,2026-03-30,23087.85,23100,0.25104826702796795,0.23279384904036535,-0.0183,-0.176
2026-03-20,2026-03-24,2026-03-30,23134.65,23150,0.2321631424823698,0.2311661261457482,-0.001,0.6
2026-03-23,2026-03-24,2026-03-30,22492.65,22500,0.4167386403887203,0.34259552418713646,-0.0741,-2.477
2026-03-23,2026-03-30,2026-04-07,22492.65,22500,0.34259552418713646,0.309668761397088,-0.0329,-0.735
2026-03-24,2026-03-30,2026-04-07,22958.4,22950,0.2814165643594744,0.2697737269197966,-0.0116,0.269
2026-03-25,2026-03-30,2026-04-07,23309.0,23300,0.25369022391765594,0.2543206094939341,0.0006,0.765
2026-03-27,2026-03-30,2026-04-07,22839.5,22850,0.2502076637486562,0.29962196661605045,0.0494,2.822
2026-04-01,2026-04-07,2026-04-13,22703.15,22700,0.2628441380682112,0.2673816218427169,0.0045,0.555
2026-04-02,2026-04-07,2026-04-13,22700.7,22700,0.25076602142700977,0.2714935760205114,0.0207,0.965
2026-04-06,2026-04-07,2026-04-13,22959.45,22950,0.38457835775081173,0.3127584498719188,-0.0718,-2.125
2026-04-07,2026-04-13,2026-04-21,23129.95,23150,0.28630631043862526,0.2636859755587413,-0.0226,-0.251
2026-04-08,2026-04-13,2026-04-21,24012.35,24000,0.1854617811573981,0.1851166696768784,-0.0003,0.372
2026-04-09,2026-04-13,2026-04-21,23766.05,23750,0.19926168837693298,0.20364626871667652,0.0044,0.498
2026-04-10,2026-04-13,2026-04-21,24050.5,24050,0.1601559829304289,0.17382077406373717,0.0137,0.64
2026-04-15,2026-04-21,2026-04-28,24211.9,24200,0.17876633728139277,0.17800492069221274,-0.0008,0.017
2026-04-16,2026-04-21,2026-04-28,24188.4,24200,0.16776306712083114,0.17812201011054982,0.0104,0.359
2026-04-17,2026-04-21,2026-04-28,24366.9,24350,0.1534321290307571,0.1659453240567102,0.0125,0.394
2026-04-20,2026-04-21,2026-04-28,24330.9,24350,0.25360888557537214,0.20519013966791183,-0.0484,-1.783
2026-04-21,2026-04-28,2026-05-05,24580.6,24600,0.1783629974925314,0.17532346063721238,-0.003,0.182
2026-04-22,2026-04-28,2026-05-05,24367.65,24350,0.17416354293182873,0.18280326369560107,0.0086,0.707
2026-04-23,2026-04-28,2026-05-05,24156.05,24150,0.16433660856495572,0.1807752598398364,0.0164,1.036
2026-04-24,2026-04-28,2026-05-05,23903.95,23900,0.17735793679908582,0.19365160498407974,0.0163,0.843
2026-04-27,2026-04-28,2026-05-05,24110.2,24100,0.1860614456508602,0.17586623200630003,-0.0102,-0.723
