date,nifty_gap,nifty_ret,gift_ret,crude_ret,usdinr_ret
2024-11-04,0.00046894186597359796,-0.012795285095394087,-0.009275105482616697,0.005994023940210426,0.0004752851800498413
2024-11-05,-0.003291464269764861,0.009042007396008536,0.008514031302859845,0.004967720101934447,-0.00011880011893988103
2024-11-06,0.0039342988649567435,0.01111981616471547,0.007952328190495015,0.0034627786270851556,0.002462215159889868
2024-11-07,0.0002266524967511187,-0.011696111838928169,-0.006574591778201425,0.0088496152769826,0.0003258631699772696
2024-11-08,0.00034499107393730046,-0.002115930138503043,-0.008875370444525396,-0.02863248968183213,0.0003257570177619087
2024-11-11,-0.0025271882998505277,-0.0002857764129660236,0.004509450580676937,-0.03311447815942575,0.0
2024-11-12,0.003494114221051988,-0.01073831629523262,-0.014699267752389904,0.0024267649281883,-0.0001184448196581951
2024-11-13,-0.0025573370692035394,-0.01367571506132014,-0.008666622747332712,0.0034566228679107514,0.00011844481965814079
2024-11-14,-0.0007176038285745402,-0.001119092102119271,-4.225471140657518e-05,-0.005016009825160381,0.0008583056390774062
2024-11-18,0.0030803198016305672,-0.0033584146152224673,0.003916315160277373,0.026115690332366274,-0.000769481230071508
2024-11-19,0.0032245493620861295,0.002754816814055903,0.004112614971518768,0.006509101433112332,0.00011842027368931146
2024-11-21,-0.001278534518552537,-0.007194644035988204,-0.008574452431433663,0.013125561316367156,0.0009468576870271857
2024-11-22,0.0026474673142841128,0.023589058766826355,0.024632824422432087,0.020615831114923475,-0.0011837122594276946
2024-11-25,0.014381238204526458,0.01307542239477766,0.012606077248717372,-0.03408462222700612,-0.0014223067468242961
2024-11-26,0.0049994750505898515,-0.0011318480070857482,-0.0037857790621807427,-0.008619256946717802,-8.89613759946664e-05
2024-11-27,0.0004256259968840268,0.0033175600994260466,0.0028201214668266963,0.0008652765098139022,0.00198492118081576
2024-11-28,-3.089658809220255e-05,-0.014972560750343969,-0.007054921271909857,0.010838815788114043,0.00147872147135445
2024-11-29,0.0005434635062160074,0.009031131050783837,0.00996959728184706,-0.005146691751768917,0.0008271299065443369
2024-12-02,0.00040396131221489705,0.005988802614002176,0.0010038001846669707,-0.006038144801043266,0.0020353689125728715
2024-12-03,0.0037600096103520557,0.007432339089484512,0.003882785766617867,0.0256249073895897,-0.00041263853450407983
2024-12-04,0.0012912217117443604,0.0004210560802611515,2.0395884111340233e-05,-0.013755842277753212,0.0007956504862127576
2024-12-05,0.0029261385674442396,0.009799604002543387,0.012364604673264544,-0.007380107297622534,-0.0006187845501309388
2024-12-06,0.0008515743007465783,-0.0012392127321359235,-0.0036933551575376805,-0.013702408473931466,-0.0003242781155429062
2024-12-09,-0.0017805109780322818,-0.0023855515118706054,-0.00018199282189663128,0.01714179277584106,0.00047164250373172575
2024-12-10,0.0013658972342784007,-0.00036360645182499104,-0.0028352726676991783,0.0034275954722674975,0.0015018776289907531
2024-12-11,0.00042453314687529166,0.0012892918498735822,0.003886329885371514,0.015111926944598349,0.0
2024-12-12,-0.0015168670573497223,-0.003785288263568475,-0.008378435614931973,0.007387541993116153,0.00017654328298671355
2024-12-13,-0.002053131337640099,0.008905710055423979,0.009488929898959208,0.010649019102734138,-0.001118634205551482
2024-12-16,-0.0006017564198974493,-0.004047618071851404,-0.0029303310010130876,-0.0033156529049381193,0.001530447365860067
2024-12-17,-0.0033886258760904373,-0.01356025614827435,-0.014371138634739633,-0.015395217049908034,-0.00011764359885328048
2024-12-18,-0.001564750869037426,-0.005651624144595778,-0.01997018059946614,0.010901575469843402,0.00020586721637295133
2024-12-19,-0.013383176703996255,-0.010265808823608006,0.0036588338834399473,-0.010395801202971396,0.0019976504880565003
2024-12-20,0.0003756856306866171,-0.015322391854064712,-0.007940956295732873,0.0008423890650618407,-0.0019094346532570114
2024-12-23,0.006368654213782392,0.007010872394205524,0.0013033700262145636,-0.00625054826653631,0.0014397581343193206
2024-12-24,0.0006586347140776074,-0.0010867483078192092,0.0023082582906413115,0.013298739887508694,0.0007631123612965716
2024-12-26,0.0020272218750376973,0.000949916716770124,0.004963309002626454,-0.0006691201320242076,0.000821162577669889
2024-12-27,0.002153450978980006,0.0026574959504618452,0.0011691756556612076,0.009824406718978544,0.0045335633887218585
2024-12-30,-0.0006931273552396807,-0.007101000585328371,-0.011605952072459558,0.012187239118135,0.0012540649382571814
2024-12-31,-0.003571621510809473,-4.229250767129392e-06,0.002045529545707115,0.009287235796328803,0.001223384266066727
2025-01-01,-0.0003024377989929404,0.004140320806365605,0.006341894418169079,0.0008105698749711832,-0.00037850665022212405
2025-01-02,0.0016875013210031153,0.018599976460843735,0.011364704783298062,0.0205299913008621,0.0010769119864909484
2025-01-03,0.0003203468867460754,-0.007631787447708154,-0.002486687150799359,0.011679425692365061,0.00020360970997793118
2025-01-06,0.0017086176947689303,-0.01632516180719982,-0.0136201474642161,-0.010251647231365138,-0.0002908837067458462
2025-01-07,0.0027000214094224746,0.003881760306713088,-0.002927828022756389,0.012132820383710686,-0.0002618677001159309
2025-01-08,0.001633141969007364,-0.0007996312417274388,0.0007169517208188741,-0.01229136180298848,0.0018606820114179115
2025-01-09,-0.0005996153351809614,-0.0068812492953755225,-0.005304940105986605,0.010253264366287979,-0.0004357868199876425
2025-01-10,0.0010790512194358292,-0.004046174437066828,-0.011552198039694471,0.03151326570607659,0.0015099163703748623
2025-01-13,-0.010127287806098098,-0.014857063581440453,-0.00259732042593669,0.04257228668237912,0.006824188643758999
2025-01-14,0.003457162454258499,0.003895210493337629,0.0016107040109699564,-0.018532667496232384,-0.000634188548208508
2025-01-15,0.0032050688158393025,0.0016016645210618786,0.0038337610272108,0.023910196623945994,-0.002251733053030091
2025-01-16,0.007042244836870177,0.004238587753573933,-0.002847144612244046,-0.009612657765330391,0.0019633325203740207
2025-01-17,-0.0014896254866100071,-0.004669469948432585,-0.0013085497346262277,-0.013258886046196301,0.0
2025-01-20,0.0037510583067415916,0.006081919239174112,0.007804437872809476,-0.01946752105991956,-0.0004616139258567059
2025-01-21,0.0032886888582040175,-0.013806738277095545,-0.014243360552973606,-0.007437235464680806,0.0004904577222790925
2025-01-22,0.0032304391567270076,0.005660474187066116,0.00038880249323380134,-0.00045714286510402835,-0.0032067513648930046
2025-01-23,-0.0011688794241517238,0.0021570001913706685,0.005985721084202223,-0.011805426489310798,0.0008387927661448072
2025-01-24,-0.0009247832861582799,-0.004887957366329596,-0.009447054988894489,-0.008829737484280516,-0.0023445990912722052
2025-01-27,-0.006606247692614014,-0.011456670033394137,-0.005977304108459414,-0.01995823299166211,0.0004925323504994731
2025-01-28,0.005734942426509753,0.0055955626228530505,0.00534865276162661,0.00632913505164753,0.0030656240569194014
2025-01-29,0.0030227928375110035,0.008926704456753254,0.00240408159711881,-0.007281969806919453,0.0001443730602378318
2025-01-30,0.00027626336707659715,0.0037231312102430775,0.014624193630992089,0.003964169149103089,0.0023359443074299135
2025-01-31,0.0020302394384025713,0.011074177663955638,0.003362635385950246,-0.006350235659345783,-2.8805576761835248e-05
2025-02-03,-0.006957070035674543,-0.005170452479175173,-0.0004462815260393334,-0.0025228647881522038,0.006260070983337629
2025-02-04,0.006351503453783096,0.016059690853104273,0.01374294647698673,0.0014198945353121402,-0.001059731729300968
2025-02-05,0.0026293109529307687,-0.0018108786231885072,-0.0018257179406334326,-0.017975509852398333,0.0036898827637976256
2025-02-06,0.0027666440239790127,-0.003930266699640655,-0.005539480228129348,-0.0032154368539743547,0.0014550436940384633
2025-02-07,0.0019533219551264003,-0.0018404145702315485,-0.007079450496345309,0.004338401598598141,-0.0012552064180119222
2025-02-10,-0.0006857203782215945,-0.007598848278210316,-0.0005744864355793937,0.015906172797394313,5.708903035824662e-05
2025-02-11,8.339543446915775e-05,-0.013338295712820561,-0.013261969822326585,0.004722930693508256,-0.007305262173081363
2025-02-12,-0.000910616550287219,-0.0011514180951839536,-0.004777819295161718,-0.02239432901547188,0.0011207380801521694
2025-02-13,0.00045552158007682535,-0.0006011721953363763,0.005338417856599487,-0.004830149464794232,-0.0004596380431397229
2025-02-14,0.0028204238056440045,-0.0044451141660866375,-0.010705487441719555,-0.007614455583289526,-0.0014089571736344562
2025-02-17,-0.005218735847809761,0.001318406118349223,0.003393077903007601,0.007937192394223866,0.0007766097063848378
2025-02-18,0.00018073673131301023,-0.0006186717054829174,-0.0025654976567194296,0.005631098461157146,0.0006610810352423714
2025-02-20,-0.004887014141233604,-0.0008615791860687675,-0.0017011257700839443,0.00507937600002104,-0.003944210442260706
2025-02-21,-0.0024448153823744454,-0.005130286329146502,-0.012696770161449255,-0.026959270717046218,0.00011538017781346062
2025-02-24,-0.008217157693421568,-0.01069708155537406,-0.0013936976162810572,0.00032525614207717696,0.000490217291418265
2025-02-25,-0.0016374604832913784,-0.0002572010772278274,0.0036239930058942493,-0.022195732391784323,0.0035109970451677307
2025-02-27,0.0009486552194832259,-0.0001108829387776427,0.00796219427159881,0.022250608934819723,0.0034987130613730014
2025-02-28,-0.004964609910878237,-0.01882089817720615,-0.017730960971231745,-0.0027748324341630927,0.0025446397628147576
2025-03-03,0.0031521317637554034,-0.000244100896248747,-0.010271715228624861,-0.02131079244638638,-0.0009427629363979056
2025-03-04,-0.006570115767168832,-0.0016582982605433554,-0.002261779174233229,-0.004853972205067002,-0.00048601284602339096
2025-03-05,-0.0004348249558385594,0.011465694568782813,0.016149489057399168,-0.03482769205213706,-0.002806336139192839
2025-03-06,0.006205718402551038,0.009242078172597142,0.004069068506988313,0.004852695831342105,0.0003440564286476274
2025-03-07,-0.0016003252896307477,0.00034591948403792664,0.006679076492519201,0.012712763549078127,-0.001807618310143834
2025-03-10,-0.0013599754505174912,-0.0040966182483126905,-0.011461379996087075,-0.013750646361498177,0.004670161056024186
2025-03-11,-0.005104209714620507,0.0016726652208703832,0.0044271977449037705,0.002074689540860297,-0.0016592765929660058
2025-03-12,0.0017075896386819541,-0.0012186336801356743,0.0014196670603821362,0.020005796740194245,5.726228993449441e-05
2025-03-13,0.0031547169147813124,-0.003267386793235836,-0.005846864805286013,-0.019315188977939508,-0.0021495830922290764
2025-03-17,-0.001968700322001668,0.004968171453735085,0.008256846626659698,0.004271685265303196,-0.003017200317684767
2025-03-18,0.006796422078941603,0.014359668968781786,0.008276452919452523,-0.011834457647002796,-0.002795431149344525
2025-03-19,0.0017786338964864952,0.0032049417598595076,0.005935122591091879,0.002240414551959419,-0.0020800238613026796
2025-03-20,0.005615522263584616,0.01228044696739064,0.005792356473459739,0.015035308007971652,-0.0007232436344365657
2025-03-21,-0.0009663733066677075,0.006864934391553793,0.011804539624916593,0.0005086038933067266,-0.004408615528391319
2025-03-24,0.007041411082053325,0.01310200357491904,0.011540503514511032,0.005240481944915867,-0.004544932657419703
2025-03-25,0.003929568216928111,0.00043526951476421065,0.0002947058225730165,-0.0020253171480015993,0.0010798349193859198
2025-03-26,0.0013637440470662112,-0.007710697617041672,-0.011111343007839497,0.012090827393199843,0.0018359590755048494
2025-03-27,-0.002254864470076648,0.004464862086427852,0.010690308097826236,0.0006674453776896089,0.0012511822393119962
2025-03-28,0.0003581088922380124,-0.0030820655541120134,-0.010839296572779093,-0.008207063903571604,-0.0032329968306018583
2025-04-02,0.0011605258613502922,0.007168073222718935,-0.006892716730284056,0.004728912196160768,0.0003791801005050903
2025-04-03,-0.007833070224511868,-0.003531376536686799,0.0040336986712983984,-0.06937640734353842,-0.0013423604210168983
2025-04-04,-0.0025710331665591527,-0.01497821827338226,-0.038758417169734716,-0.07680760914107194,-0.0012564467590065844
2025-04-07,-0.051331324953444744,-0.03297015338730526,0.006023845800068419,-0.0033949485644116165,0.005656156657788105
2025-04-08,0.012784776122942848,0.016746313096183522,0.0038407364583989273,-0.018303656849545723,0.0047566653872048465
2025-04-09,-0.003358068234536568,-0.00608436282244175,0.03590854731712311,0.012999609559633994,0.005079669200081212
2025-04-11,0.013139249068210299,0.018988933890639957,0.0037483658348266133,0.02540486165293159,-0.007339164382276578
2025-04-15,0.02337059711754261,0.0216659867627985,0.0006865037920058861,0.0003798670511014815,-0.003951885191989209
2025-04-16,0.0006663431613747,0.004646571282831792,-0.002555321932864995,0.014141840283515493,-0.001602634490784866
2025-04-17,-0.0015094245810569932,0.017528893682587383,0.026521125848341064,0.03169603824991329,-0.003300766846168376
2025-04-21,0.00407943529039369,0.011418047561345738,0.007274426834173167,-0.025908660946555348,-0.003047532101366501
2025-04-22,0.0024777004227099723,0.001726965939596701,0.009898717955237401,0.014782235173294937,0.0005867856053825182
2025-04-23,0.007845504988342184,0.006668588435125756,-0.0019760411518238326,-0.026579020232751722,0.0026947878053433217
2025-04-24,-0.0021005277556683595,-0.003386473618159028,0.01766559781013593,0.013284880572158533,-0.0016980418050816656
2025-04-25,0.0017430473119663277,-0.008588454617289994,-0.019604262389115026,0.0029695641718164986,0.0014347414802862266
2025-04-28,0.0012845670822057556,0.011956431581801425,0.008633147144702875,-0.0215424646207133,-0.0029889256266844833
2025-04-29,0.0017330884516643299,0.0003061783317472563,0.0014520766220909598,-0.020082916526196613,0.0026670199422695615
2025-04-30,0.0002506265677279636,-7.191266107682891e-05,-0.00423942061397292,-0.04424102181630443,-0.008642283132356475
2025-05-02,-0.0009168258734845529,0.0005135484460936932,0.007035944922040935,-0.006456842448633552,-0.0010633899507412837
2025-05-05,0.0029856767219865773,0.004689827958917901,0.0019953990291072137,-0.022104870567317365,-0.0023375212217646513
2025-05-06,0.0016175846376350375,-0.0033394276617622325,-0.0187251395677948,0.03637503534507383,0.0013913354622323863
2025-05-07,-0.006018996673037268,0.0014264051276974533,0.00874917883490474,-0.011642042371486918,0.0045158796361568715
2025-05-08,0.0007001611475506163,-0.005775542773460358,-0.018747179218029163,0.041524352291411486,0.008562348883306545
2025-05-09,-0.014024422163067997,-0.011010471243807775,0.008442386898559716,0.009445853365086713,-0.0012562999241995194
2025-05-13,-0.0024362945444166145,-0.013993305528556882,-0.00824954376677906,0.025742887693134882,-0.0018141921581569615
2025-05-14,0.0014412871214906223,0.0035962898121936287,0.0013931093824757538,-0.00221239028294074,0.00017571089745626865
2025-05-15,0.0011162580788687327,0.015894480888894447,0.017123158005527245,-0.027506645789833587,0.001989235385657663
2025-05-16,0.0001017420839054752,-0.0016892334379733957,-0.0033176751101144752,0.015063361456097664,0.0008471482285648208
2025-05-19,-0.0005777094282332032,-0.002976070564100508,-0.0009556233182596025,0.001493931183545674,-0.001812018265264398
2025-05-20,0.002032372477430431,-0.010540231594245037,-0.011922197018442155,-0.004675964752890684,0.0019288099965424038
2025-05-21,0.002441929547798831,0.005234635624772639,-0.0017148337283428424,-0.007338446706452748,-0.0004964590888273755
2025-05-22,-0.0032090510591593906,-0.008245170706062392,-0.0032966951697664167,-0.005681833467430946,0.004720976275177509
2025-05-23,0.0012101720895723582,0.00984383091051175,0.00646179704901094,-0.0011402509787316452,-0.0075291452065088665
2025-05-26,0.0026601050394012642,0.005937318737656441,0.007879187088022755,-0.0007608902782926703,-0.002581100746619839
2025-05-27,-0.0017815040602007126,-0.007022276678678118,-0.006732547922349238,-0.0122536474838225,0.003049676869525906
2025-05-28,0.00025373197581893655,-0.0029750731170425774,-0.004311741044918124,0.021911898870456005,0.0035073397736101026
2025-05-29,0.0029307641059921914,0.003273100900270562,0.006280087466562382,-0.017299167262812106,-0.0004961258510368242
2025-05-30,-0.0008459862487949197,-0.0033438034717525197,-0.0008631852068111278,-0.0023037061445692992,0.0005836519265691674
2025-06-02,-0.003278001494553618,-0.0013786887661705169,-0.0001807610043183117,0.03252319170555993,-0.0018688865127150735
2025-06-03,0.0028159984994492043,-0.007068774092320617,-0.00719666859810366,0.01477404527130769,0.0023647229551848263
2025-06-04,0.0007311170021178979,0.0031609356156210005,0.001334384864705728,-0.012729624895627012,0.0028826435440321937
2025-06-05,0.002879660649003149,0.005294607789761705,0.003348329973371004,0.010343645971647466,-0.001076379396713531
2025-06-06,-8.888960724727354e-05,0.010135965436883998,0.012944452353061684,0.01676424100367962,-0.0016604766760357848
2025-06-09,0.006261588960333417,0.003997510624608427,0.003155609775273109,0.0055861033627739734,-0.00034992564437201355
2025-06-10,0.0036919081482739828,4.1826462015294284e-05,-0.0013681927121683632,0.003229281600715211,-0.0008461595077774659
2025-06-11,0.0011903246731733126,0.0014787352445249067,0.0006545865924470194,0.026163769241377026,-0.0008760915199848226
2025-06-12,0.000916394479491961,-0.010122094193621185,-0.008663235660821276,0.01952545831885262,0.0
2025-06-13,-0.01682332652346856,-0.006837798882833083,-0.010233199139458044,0.07275034815375761,0.006842262212616907
2025-06-16,0.0005561066209791811,0.009177535114667245,0.010733124161118325,-0.018304942703280914,-0.0007837559727169729
2025-06-17,0.0012559003420437025,-0.0037389676871053394,-0.008331290347607153,0.04049136135473699,0.0021466083142038933
2025-06-18,-0.0026207793735277176,-0.0016651418462635466,0.00026203602137380306,0.009139557074740382,0.002691246397399683
2025-06-19,-0.0003547292908548911,-0.0007579835582129375,-0.0020982132541457125,-0.00556673774016688,0.003029824423931346
2025-06-20,-0.00022589343976460991,0.012790309347901757,0.010647160586059842,-0.007002284893772054,-0.001181982119592287
2025-06-23,-0.006898831908576632,-0.005610555346030624,0.001118389635665556,-0.057525898777201996,0.0014412547173718502
2025-06-24,0.008294864495980783,0.00289706048224268,0.004361731289908452,-0.07967063002904291,-0.008330248038378278
2025-06-25,0.004223559761209379,0.007969960122065977,0.004995550085552792,0.010689572658779654,8.713204867483153e-05
2025-06-26,0.0009581559795235102,0.011979963629751521,0.016434964943364685,-0.0031948908965191767,-0.0037535506352876047
2025-06-27,0.0010816489451301045,0.0034696479984903748,0.0009332530376187352,-0.00427579486278855,-0.0016338442730099286
2025-06-30,0.0009298345973837528,-0.004720968755390688,-0.003738249325209373,-0.003577181421398778,0.002973936532057868
2025-07-01,0.0013432966436273017,0.0009694696194091494,0.0017345720054731404,0.0060736163841100576,-0.0028571448007798914
2025-07-02,0.001818889961877432,-0.00346699644467661,-0.0047039621417426835,0.02427986969074993,0.0012838095889848473
2025-07-03,0.002029102808697881,-0.00189151568330066,0.00013694208349427457,-0.005053596186951944,-0.0036807706898437597
2025-07-04,0.00092654255789723,0.0021900559806014813,-0.0018796998015775193,-0.005957613555964896,0.0005559050423307103
2025-07-07,-0.00041444508655753316,1.1782657107136236e-05,-0.001431723706198929,0.0184577763201965,0.005774799493883958
2025-07-08,-0.0013146222649601262,0.0024007637482767337,0.0045039828616343005,0.015408625352845061,-0.002358388654801222
2025-07-09,-0.000309578720699067,-0.0018196582966253595,-0.0006449784742154118,-0.0011899703911631596,0.00011659428118244117
2025-07-10,0.0013944528150616345,-0.004754948577867101,-0.00933016658260412,-0.027767585519997844,-0.0001457449756997737
2025-07-11,-0.003941855402714032,-0.008133876873290554,-0.003934872151686418,0.02810772157769889,0.0009324009999511908
2025-07-14,-1.391668083207479e-05,-0.0026895142142431107,-0.0025987695274968543,-0.018881439748989582,0.0020947290331472454
2025-07-15,0.0002870138224830293,0.004514895861271375,-0.0001589225057477784,-0.010101095986503933,-0.0015706352666014823
2025-07-16,3.1750819570593614e-05,0.0006447408712298642,0.004539200451924494,0.0,0.0013962420093654728
2025-07-17,0.0007414338956860813,-0.003998137411285263,-0.0026139663978972283,0.013733375341089865,0.001655509301879924
2025-07-18,-0.00011549183605036598,-0.005712892073823927,-0.007703293564431733,0.0010353754160484035,0.0002611458514413987
2025-07-21,0.001224798721780089,0.004886234204324308,0.00635403346847196,-0.0006901311523050464,0.0018840312235143607
2025-07-22,0.0030224457842707177,-0.0011883969208231818,-0.0016692504174074415,-0.025875569515861112,0.0013311727859922312
2025-07-23,0.0031254849871295873,0.006324502791954096,0.006047705935807067,0.0015927797367861123,0.0001445859783036567
2025-07-24,0.000927408554240248,-0.0062766205821811125,-0.012912904129430141,0.0030016796617425416,-0.00043382066534350627
2025-07-25,-0.00206700564582748,-0.009022268014894983,-0.005743795037242007,-0.004240289038885416,0.0016186378075154567
2025-07-28,-0.0021987354546068308,-0.006304811677771728,-0.007074309442537154,0.023275177909398082,0.0015583519256629889
2025-07-29,-0.002891022706206007,0.005664432744894037,0.006066752682237362,0.03284004169357912,0.0014407563580300514
2025-07-30,0.0027880890695962876,0.0013668533203841048,-0.005863933494847069,0.03325409292855702,0.008401362658513422
2025-07-31,-0.00859850178085596,-0.003494322767861102,0.007878032866548387,-0.020282016796365522,0.0022816734557892225
2025-08-01,-0.001351426627179409,-0.00822971501161462,-0.007269822001372361,-0.027642265879985202,-0.0017963820573327401
2025-08-04,0.0012489475072177435,0.006386958924001023,0.0014784363674378693,-0.008700899385585041,0.0015114574179718714
2025-08-05,-0.00010112654985053708,-0.0029652276128395885,-0.0027966944298645807,-0.015193662443760692,0.0016229840837079252
2025-08-06,-0.0003327186184730921,-0.003061532648549035,-0.004107867654762567,-0.0061076884744529995,-0.0004837722949745465
2025-08-07,-0.004486287664173103,0.000892814529815726,0.003925202570685439,-0.019263651267564873,-0.002850466555773731
2025-08-08,-0.0021123157034790897,-0.009512024978203826,-0.008111402412893307,0.001070091059844386,0.0013692380048851804
2025-08-11,0.0003365151832932974,0.009060632975224126,0.00481771233556686,0.0003564427056094565,0.0009117848819505054
2025-08-12,-0.0008830399935731746,-0.003979835076118552,0.002725185229723694,-0.011469659787629295,8.54372250508102e-05
2025-08-13,0.004026610376734756,0.005374019561891618,0.0036895174533600286,-0.0130625950263827,-0.003166048937398946
2025-08-14,-0.0004916041426256479,0.00048527279272500415,-0.0037504478606985784,0.02239169031490119,0.001227677132396919
2025-08-18,0.01238277253080516,0.00992368003121088,0.015918127770031654,-0.01005033585350145,-0.0024282604169895217
2025-08-19,0.0005786816267320957,0.004159853243583131,-7.996321696281923e-05,-0.019856741314429396,-0.004041104334396956
2025-08-20,-0.0005946368735945143,0.0027942582021172405,0.002994253275099564,0.007515386853029791,0.0004593873002780233
2025-08-21,0.003643971114972512,0.001324442740923701,0.0003387837695192791,0.01576262366695376,0.0019786938477716937
2025-08-22,-0.0007816878073866748,-0.008553947402635646,-0.0037529488693072367,0.001616524824403123,0.002917872596871088
2025-08-25,0.003173474764968369,0.003918713385990051,-0.0025231805444382296,0.022361180158157325,0.0005711348604620286
2025-08-26,-0.0027372691541802854,-0.010294013179196964,-0.012306233701563259,-0.0232589268743458,0.002053388811842228
2025-08-28,-0.000657790233168722,-0.00858112735289117,0.0035475766739089796,0.00017798344800926263,-0.000541457102754192
2025-08-29,-0.0013968422206042219,-0.003026914441741975,-0.00501081312569055,0.006209547141337502,0.006761389395103557
2025-09-01,0.00023946188730583805,0.008081280384829359,0.006486947539946642,0.00862909290300321,0.00019817396908225962
2025-09-02,0.0011343794243973784,-0.0018473869004707994,-0.00482065303316964,0.014448854379541468,-0.0005946397649415123
2025-09-03,0.0015001191931819059,0.005495539207320317,0.008471285862958639,-0.02662153709976253,-0.0013605058644570185
2025-09-04,0.010693158446141627,0.0007785744796407111,0.0021518575609314914,-0.004090712685345963,0.0008505330519539053
2025-09-05,0.003412500801658393,0.0002708422198937796,-0.002554588079252217,-0.02966395836729758,0.0013027472813861372
2025-09-09,0.003664590676651426,0.003845558129143585,-0.0014233165673250676,0.009605873590866443,-0.0012177337500145421
2025-09-10,0.004909796543981249,0.004193282055946326,0.005960375267122075,0.013971210596738079,-0.0002834065485880574
2025-09-11,-0.001105800355475793,0.0012965551071398326,0.004536418444142911,-0.01668050512854426,0.003423837189725019
2025-09-12,0.002753598738284017,0.004329658895022681,-0.0011321767802219178,-0.000542740854571079,-0.0020642176736855155
2025-09-15,0.00019509126550689473,-0.0017854585559052094,0.0003378009192488648,0.010978243975786933,-0.0009628728335886727
2025-09-16,0.00017549877594743245,0.006754378340182724,0.006692696704071428,0.018970518378834077,-0.0011339798232795969
2025-09-17,0.0014846872116362248,0.0036049543335288465,0.005471269872449836,-0.008465659024548239,-0.0028690348766633473
2025-09-18,0.0043646775205176975,0.003678542820501287,-0.0006282640486231983,-0.009789167786789347,0.002982490742453297
2025-09-19,-0.0005272082870205583,-0.0038048819662613634,-0.0035216499600959545,-0.01006659588390807,0.00011344299501675721
2025-09-22,-0.0035182370368463567,-0.004935750401067799,-0.0025456604340280513,-0.002351452652637511,0.0017001024156110224
2025-09-23,0.0002638294764402657,-0.0013043001063899793,-0.003483634416498918,0.019724505347778573,0.004998527796352023
2025-09-24,-0.0024165530647396226,-0.00448370532782927,-0.006105765729371682,0.02524678273478389,-0.00016903313089603933
2025-09-25,-0.0008943651602122352,-0.006648972645988584,-0.005440992799359828,-0.0005195255117285896,-0.0002817853941098737
2025-09-26,-0.0029089086161583812,-0.009532714372741127,-0.006479678162951124,0.01033957169270396,0.00016908076464790722
2025-09-29,0.002990894890546749,-0.0008034149623869672,-0.003174637937054768,-0.03898072823689562,0.0020548627235825938
2025-09-30,0.0023131428598333176,-0.0009665760408142669,0.003981854496536376,-0.007335214927073408,0.0007308503487647606
2025-10-01,0.00038389938651508046,0.0091087319879058,0.006454424369758139,-0.013740950247048243,-0.0017155316026294786
2025-10-03,-0.0030950194932281463,0.0023305604393949906,-2.0042690932307806e-05,-0.009879333919659682,0.0007596967206023104
2025-10-06,0.0008953882085757891,0.0073401581061951155,0.007985190055292078,0.009515167855911813,0.0003655741664144458
2025-10-07,0.000305005987857759,0.0012214575517932756,0.0027996483980830397,-0.002005287336811386,-0.0005624771641955502
2025-10-08,-0.0011377211539246482,-0.0024783456627061593,-0.003734609028758911,0.01736657249829866,-0.0002250794821421101
2025-10-09,0.001123294102903858,0.005401388262863396,0.00395269207961388,-0.02065665040670944,0.00028134143782257025
2025-10-10,-0.0005620716958189411,0.004103665268029542,-0.0006940657658031837,-0.040349141606831326,-0.0008724162259895797
2025-10-13,-0.004282381726901029,-0.0022964531885856635,0.003959617131447213,0.010806816710311102,-0.0005350831618719473
2025-10-14,0.001987926578685034,-0.003249769351339534,-0.0015621758943637715,-0.013287970764922205,0.001351237432181284
2025-10-15,0.0014485139371559989,0.007055838724218008,0.0067846344311362035,-0.016959358104057857,-0.008588836524647453
2025-10-16,0.002813573643058119,0.010283174989422342,0.006406950019783458,-0.015473817706529504,-0.0019028960995562567
2025-10-17,-0.0015039464308604612,0.004856219146269568,0.012287002992532797,-0.002569425269711996,0.0015055751725449639
2025-10-20,0.004453339063310983,0.005171388554416238,0.0036779968480029055,-0.0007919224329928446,-0.0016761605651628164
2025-10-21,0.0022437241690509663,0.0009843024865632758,-0.005261192143361572,0.0007919224329928518,0.0013922632205350038
2025-10-23,0.007264243568928891,0.0008809892378157639,-0.010840059116730884,0.05403656758033552,-0.0017904090040273403
2025-10-24,0.0016863963554031016,-0.0037243774737084727,-0.005648044469098255,-0.001840943082515874,-0.0008537037028549498
2025-10-27,0.0018610204961242063,0.006603425771068816,0.007587611267235909,0.002024851129011299,0.004771380821497503
2025-10-28,-0.00100566416983426,-0.0011502392783005436,-0.004846349729393992,-0.02006010803252585,0.0006231412182946394
2025-10-29,0.001764314320624943,0.004527792832853673,0.007605183573634035,0.007849040483237925,-0.00019823008914488625
2025-10-30,-0.002671111136319995,-0.006780078638207486,-0.00352652926041778,0.003530617808540453,0.006183229039609799
2025-10-31,-0.0005430828102823733,-0.00603684588865223,-0.009200477665074579,0.005733854606942031,-2.8147209909601325e-05
2025-11-03,-0.0009821282632037228,0.0016023948057699113,0.003636297308657988,0.004600247325063683,0.0006753144689524588
2025-11-04,-0.0007222165371455081,-0.006452388967753966,-0.007188629954963274,-0.008480876790783375,-0.0010131427990705683
2025-11-06,-0.00016799828134301677,-0.003441778406436964,-0.010330469026333115,-0.008138589447845521,-0.000929616811316393
2025-11-07,-0.002979773912668007,-0.0006823262097594648,0.0011161480348449806,0.006251796435268767,0.0004226602297384448
2025-11-10,0.00043925186701964205,0.0032134502892125225,0.005328557407796899,0.006212954184718187,0.0005351133018851277
2025-11-11,0.0016662975236369387,0.004704578468485324,0.01130436721454277,0.01397842162384081,-0.0016626044718671764
2025-11-12,0.005408591807516437,0.007013694443554249,-0.0013482542152925014,-0.038680418642630165,0.0005920913685344748
2025-11-13,0.001170293228259546,0.00012945621644613778,-0.003881550153285597,0.005754859542677064,0.0005635707994069748
2025-11-14,-0.004308093959425998,0.001193299130579461,0.006114811256286289,0.021571318925793677,0.00016900932408335403
2025-11-17,0.001471318715236066,0.003982787627285557,0.00032686964921823915,-0.004126811334216111,-0.001042679498728792
2025-11-18,0.00032093629113608705,-0.0039827876272854204,-0.002213263155809441,0.007490671729157659,-0.0005076428559577912
2025-11-19,0.00031064199917351477,0.005488566143699687,0.004498363955243171,-0.019213248775021112,-0.0002257017924660165
2025-11-20,0.0030449532243284087,0.005340257079196831,0.0029494591699600215,0.0009504800639524294,0.001466151896549931
2025-11-21,-0.0031585997653347533,-0.0047454849169532316,0.0015287600913571212,-0.012619670345337106,0.009533762591124014
2025-11-24,0.0020942335778033586,-0.00417663138516151,-0.007667279271045867,0.007285308296195358,-0.0047555197599472585
2025-11-25,0.0015012127997354981,-0.0028817074082925676,0.0043583929523383965,-0.013268149648851446,0.0005886722807247112
2025-11-26,-0.0016180873566313762,0.012305756544011975,0.010974674312189198,0.00521287018853321,0.000588325949536316
2025-11-27,0.00213278827019164,0.00039106577366173836,0.0014390943764800931,0.01850668100802621,0.002461608560699716
2025-11-28,0.0008350333163990932,-0.0004807463106602343,0.00345671427773219,0.006406654662657158,0.0010331877550895212
2025-12-01,0.004677447073504547,-0.0010385902072783048,-0.006564719887599453,0.0,0.0011436382886901542
2025-12-02,-0.0033598877460533187,-0.005499176342188014,-0.005805945971925143,-0.002821406931330752,0.004866730965060834
2025-12-03,-0.0010492514957448802,-0.0017763018384990476,-0.0035381342193040563,0.008813934227391646,0.0026043845934690083
2025-12-04,-0.0001597141312878465,0.0018358417105443499,0.003060738879163723,0.005028411749894211,-0.0034925334167687405
2025-12-05,-0.0013049274868851845,0.005848328242029099,0.005884666426150278,0.008140655502447565,0.0009158907677344496
2025-12-08,-0.0010182201132840876,-0.008664023360980337,-0.014516985520366853,-0.01728506932144528,0.0016354139994181403
2025-12-09,-0.0036061870940777233,-0.004667944121110324,-0.0012530726011894526,-0.01663554431514062,-0.002551304767152695
2025-12-10,0.0009438396792244057,-0.0031648754605488705,0.0017923742186829906,-0.0007627765434673704,0.0009713723478641747
2025-12-11,0.0005200914546667284,0.005441724111835208,0.006659462493319106,-0.012091117459460203,0.0034615046401457465
2025-12-12,0.0028012491869355625,0.005713696228777995,-0.004409093695043343,0.009416808320220996,0.0017124710717177933
2025-12-15,-0.004498150993963025,-0.000754691654038437,0.0023028219733235047,-0.016586686918277825,0.002948513413496887
2025-12-16,-0.002916575747503779,-0.006444746844794009,-0.005208094870821318,-0.01390407203081572,0.002116461078923715
2025-12-17,0.0016343881928450657,-0.0016080144877245483,-0.0029717130433437313,0.0019700557987127765,-0.006031331539888463
2025-12-18,-0.002087887814833175,-0.00011620227730800423,0.0020849830908780172,-0.003944000379653951,-0.0018248180246289477
2025-12-19,0.0037098620565929135,0.005826371032253734,0.009424525356423283,0.008656359384687907,-0.006803219575428607
2025-12-22,0.0034389165464412037,0.007902025820313957,0.0020992774747071526,0.022851497837532833,0.0003064450999730863
2025-12-23,0.0012524439564832361,0.00018147242958299996,0.0010670326076230355,0.0059177418091865075,-0.0011147962471102987
2025-12-24,-0.00024833899546514306,-0.0013398512113031755,-0.0038543046055121107,0.003420105936858022,0.001421147467252533
2025-12-26,-0.0007978823059034715,-0.0038249025253447363,-0.0003636189696061288,-0.017218715060287902,0.0012244672315219053
2025-12-29,0.0008079738433417452,-0.0038550074287673655,-0.006837633477604075,0.011130416193032537,0.0007228447032747561
2025-12-30,-4.625792649657496e-05,-0.00012528683473419944,0.007239520437953953,-0.000954654010450661,0.0012776005070687356
2025-12-31,0.0012406112949538046,0.007326926511113775,0.00821277684745075,-0.004211338536531284,0.0008323391985121729
2026-01-01,0.0016710358381217792,0.0006484793005603324,-0.002146718531032737,0.0019164436681928627,-8.320275128555763e-05
2026-01-02,0.00032694953509730586,0.006936651088835027,0.008729049509194777,-0.013104831985238392,0.002161024833910803
2026-01-05,0.00019558602286909728,-0.0029764841859812588,-0.0040994116104526735,0.022063245084347656,0.0008299214817395991
2026-01-06,-0.0023112138434640693,-0.0027313145210397867,-0.006819093218445486,-0.011450506787995378,-0.0016328341596733224
2026-01-07,-0.0013608096622702247,-0.0014507035779470466,-0.0019459713100548521,-0.0329753806647818,-0.002468144183373923
2026-01-08,-0.0013110739763746155,-0.010146652830525118,-0.006879332684589801,0.02391333079701817,0.00011105866685490399
2026-01-09,-0.001409587943493612,-0.0075077713756043106,-0.006268887408177481,0.03595251692841516,0.0024678704277273857
2026-01-12,-0.0005549892211657044,0.004155538287351518,0.003939521924899893,-0.003181438072210693,-0.00022158209707316836
2026-01-13,0.004144133342484011,-0.002249501410035875,-0.007059649261143507,0.03318276795174906,0.0002492764072788542
2026-01-14,-0.0032599723114941728,-0.0025954382355152226,0.0020359694850987584,0.008845621355730594,0.001577309216673855
2026-01-16,0.001185709710162838,0.0011195494934444548,-0.0033598462384998285,0.007638602581523056,0.004937191973810795
2026-01-19,-0.001606701360004019,-0.004245338606983875,-0.0033516536305905186,0.0062904925283562676,0.0013747596336224
2026-01-20,-0.00020326077254349497,-0.013892938636022806,-0.014410802709249824,0.017369483213819877,0.0001923156179946238
2026-01-21,-0.003632866512455391,-0.0029767833055262707,0.0018992230766690368,0.009381270317237726,0.007580666014888887
2026-01-22,0.007391871349755678,0.0052490437166370345,0.003886104686425579,-0.0234364437396803,-0.0005454198504406428
2026-01-23,0.00216058305222083,-0.0095851726789208,-0.011265772766391405,0.03433038128374774,0.0023431976281707385
2026-01-27,0.000586685840582793,0.005047393393883541,0.021354106007921564,0.013233541162439905,-0.002097721881305325
2026-01-28,0.003309262104881569,0.006625365820343461,-0.010029270566170602,0.016859702385173404,0.0006543075478800314
2026-01-29,8.877884701828621e-05,0.003000298734334582,0.002340010309808762,0.038875945006442654,0.004676717426016872
2026-01-30,-0.006763870500916563,-0.003872723459155161,-0.001454488532063754,-0.017054417696020823,-0.0012757700458658184
2026-02-02,-0.001166822476124272,0.010536251263282424,0.04230237969068937,-0.061199619872056556,-0.004246175301178281
2026-02-03,0.047469388081418866,0.025156814253504294,-0.00300175489016541,0.014822928891638212,-0.014368576436742836
2026-02-04,-0.0020426989395558835,0.0018814242626680484,0.003291769682952438,0.031381885557428164,0.002570162671708807
2026-02-05,-0.0007800993566830936,-0.005180995976337489,-0.008756742394332669,-0.024921801982452474,-0.0019892256870317707
2026-02-06,-0.001443942134171636,0.001982995205336413,0.00910464915882983,0.013483350337286988,0.0036714510330663266
2026-02-09,0.007560754401907685,0.006733797093786909,0.0038575085927084144,0.007867322945620318,0.00046831311719387736
2026-02-10,0.002137481155077751,0.0026195687192277595,0.002499424511211951,-0.011996716287631437,-0.0016814370597392698
2026-02-11,0.0023992648119168345,0.0007207693657447325,-0.0028652488233543577,0.01641623733466173,0.001185569280983829
2026-02-12,-0.0018183383319773923,-0.005666438080087869,-0.011115313603639859,-0.03626714165822741,-0.0010752244532857935
2026-02-13,-0.00918875989093449,-0.013109046639111787,-0.006133191090993237,0.006486130198157209,0.0007996360703475196
2026-02-16,-0.0018665996180978162,0.008275084192569436,0.0056462555613734635,0.011811844816687605,0.0002755883829380806
2026-02-17,-0.001745884657832881,0.0016592703602544172,0.0035783084018673984,-0.026066375663848212,-0.0002480261266901005
2026-02-18,0.0010587037599625328,0.0036453801421163674,0.0033140528601986836,0.04522208367874777,-2.7562256248002426e-05
2026-02-20,-0.00187963697352017,0.0045820217508651916,0.018953107995755496,0.0056291539372261825,0.002862413536166994
2026-02-23,0.004181498063919532,0.00552802706402003,-0.011129461975466963,-0.0019831439320541324,-0.0007423395031799238
2026-02-24,-0.0027728681883756653,-0.011277524723351435,0.003587377850478974,-0.006139569604922411,0.00035749151338384074
2026-02-25,0.003453271914008996,0.0022727661989268987,-0.0020260668129630202,-0.0031674611795082666,0.000302393030770454
2026-02-26,0.0028919195370448415,0.0005512068332278377,-0.0031446259689834302,0.01062956362722483,0.0010439274594374126
2026-02-27,-0.0014404473764120425,-0.012546735694086916,-0.007225067751360533,0.006422418123365127,0.0012896677463573078
2026-03-02,-0.02084432955118131,-0.012507069408217645,-0.019077373115205312,0.06436409686547843,0.005196663956675864
2026-03-04,-0.019365333265914074,-0.01588005721435621,0.005560756302557368,-0.004745820369268297,0.006064992685898259
2026-03-05,0.0057853202414598634,0.010709003126803819,-0.006721451628198902,0.053194326125454945,-0.005355966204054097
2026-03-06,-0.003281788025969088,-0.01089493237002495,-0.009828088936262651,0.1337534838707694,0.0016070824024064306
2026-03-09,-0.024882612821099357,-0.019127889515849452,0.0024455668329836575,0.04956994012297496,0.006510792898049075
2026-03-10,0.01139044675972612,0.011610761192550865,-0.0033307321387794466,-0.16907333553436726,-0.0052052386681114065
2026-03-11,-0.0022383454664706456,-0.018197486222372987,-0.01571272610324188,0.08841406701757357,0.0008151066882487424
2026-03-12,-0.007295439533288949,-0.008796046398104947,-0.017112107732775578,0.08247827765864513,0.0023058674170838697
2026-03-13,-0.007509294477372981,-0.02001551536820335,-0.010224688007240607,0.02777956410707567,0.0017867783193233721
2026-03-16,-0.0023678365676627474,0.007939603032595638,0.013369411504846693,-0.03736648985040263,-0.0005952381128127856
2026-03-17,0.004683819301011998,0.00866263964574607,-0.0007003321558297943,0.01716829161756163,0.0009468032573978851
2026-03-18,0.0031403853176708504,0.008676614830286243,-0.014282902630621663,0.014214800880530704,0.0025114445897838795
2026-03-20,0.0018499111152141194,0.00202498852257047,-0.01148962699367796,0.04078599027174999,0.009849652233790309
2026-03-23,-0.013503545122494617,-0.028142904474954,0.016044460068888308,-0.10382548549528038,-0.0005075532038062103
2026-03-24,0.017006830285043018,0.020495293435475445,-0.013094186394679496,0.04578986188875078,0.002028668981790402
2026-03-25,0.004751655558592145,0.015155669472527522,0.01674892549444943,-0.027503909486060053,0.002157613079478251
2026-03-27,-0.005828010011827252,-0.02034805895490758,-0.013522856510131732,0.04306417281361721,0.011718625778395757
2026-03-30,-0.012771948365692013,-0.0203595370867225,-0.014866543741461584,0.04271482678288106,-0.0004208643563713839
2026-04-02,-0.014184068676743959,-0.00010792036368627035,0.002254348233647381,0.11762691794331094,-0.014282360983389171
2026-04-06,0.0037439682483893155,0.011333855444302784,0.022157317560841376,0.017146543154650678,-0.0029399994449540293
2026-04-07,-0.005273150980944269,0.0073986980856282705,0.002340500374945269,0.007621055844469391,0.0009631334684272651
2026-04-08,0.030871812391997645,0.03743996678243514,0.038076986220206235,-0.18568271514415885,-0.005120585979844566
2026-04-09,-0.004311232977363622,-0.010310189617226065,-0.0004376778135957447,0.008092659654536751,0.002201579582259565
2026-04-10,0.004806228373516759,0.01189769464499906,0.0014581816978102536,0.02432940968294017,-0.0006438632013177548
2026-04-13,-0.019349849418058583,-0.009676403176551333,-0.001812632667400035,0.010866128864250906,0.0038035080942018353
2026-04-15,0.014376262286974275,0.016364864657632098,0.005642983917282294,0.004307591502682891,2.673403644009715e-05
2026-04-16,0.006929130469827772,-0.0009710684374542387,-0.005291943698923328,0.028403191986907054,-0.0023017433816652786
2026-04-17,-0.0009306308487099611,0.007352474565089559,0.01970708530175703,-0.13121120596882543,-0.0034356915908593756
2026-04-20,0.0018798828405971646,-0.0014785064852188131,-0.010561651274665245,0.07117922693314511,0.0018535188576501286
2026-04-21,0.0015995650294836367,0.01021036644952275,-0.0029297596223397055,0.011563578812834348,0.003001315327428756
2026-04-22,-0.004474900666252953,-0.008701080978961691,-0.0021978256543951414,0.03333642026759171,0.0036857047225251995
2026-04-23,-0.006806697064474166,-0.008721566627877724,-0.007886085460856654,0.050519178489552424,0.0033002451906077603
2026-04-24,-0.0023002045096669867,-0.01049114907454625,0.0003937130297344014,-0.039800717835744,0.0014868706772426612
2026-04-27,0.0017346094373461008,0.008591270223736533,-0.0009949424583293297,0.03225186080770035,-0.0010618248455906006
2026-04-28,-0.002712071619631626,-0.0038938933437399513,-0.0023877509397970597,0.04077806647438725,0.0038966768546983424
2026-04-29,0.00334210738949462,0.006106274460664781,0.0027817007059303595,0.06539477016073997,0.005435226171657431
2026-04-30,-0.006920629649905293,-0.004974360614941246,0.007887713824933848,-0.025910517672687858,0.0011045366014463289
2026-05-04,0.002181143742033984,0.0033258970814806135,-0.006293104586903076,0.03975779680204923,0.0024152064664854783
2026-05-05,-0.0029558062386680073,-0.002974515409800207,0.005074838709758411,-0.03634923077918276,0.00044565032916147403
