date,close_to_close_20d,parkinson_20d,garman_klass_20d,rogers_satchell_20d,yang_zhang_20d,parkinson_c2c_ratio
2024-01-01,,,,,,
2024-01-02,,,,,,
2024-01-03,,,,,,
2024-01-04,,,,,,
2024-01-08,,,,,,
2024-01-09,,,,,,
2024-01-10,,,,,,
2024-01-12,,,,,,
2024-01-15,,,,,,
2024-01-16,,,,,,
2024-01-17,,,,,,
2024-01-18,,,,,,
2024-01-19,,,,,,
2024-01-20,,,,,,
2024-01-23,,,,,,
2024-01-24,,,,,,
2024-01-25,,,,,,
2024-01-29,,,,,,
2024-01-30,,,,,,
2024-01-31,,,,,,
2024-02-01,0.1516,0.1138,0.1039,0.0982,0.1383,0.7507
2024-02-06,0.1554,0.114,0.1041,0.0979,0.1391,0.7335
2024-02-07,0.1531,0.1142,0.1048,0.099,0.1401,0.7463
2024-02-08,0.1559,0.1185,0.1073,0.1007,0.1419,0.7601
2024-02-13,0.1539,0.1175,0.1082,0.103,0.1433,0.7637
2024-02-14,0.1545,0.1205,0.11,0.1039,0.1467,0.7801
2024-02-15,0.1544,0.12,0.1096,0.1037,0.1466,0.7769
2024-02-16,0.1495,0.1185,0.1081,0.1023,0.1446,0.793
2024-02-19,0.1465,0.1187,0.1084,0.1024,0.1429,0.8101
2024-02-20,0.1465,0.1189,0.1084,0.1023,0.143,0.8114
2024-02-21,0.1269,0.1177,0.105,0.0962,0.123,0.9275
2024-02-22,0.1265,0.1206,0.1088,0.1017,0.1229,0.9531
2024-02-23,0.1249,0.1207,0.1087,0.1016,0.1215,0.966
2024-02-26,0.1257,0.12,0.1084,0.1015,0.1217,0.9546
2024-02-27,0.1099,0.1073,0.1002,0.0963,0.113,0.9766
2024-02-28,0.1152,0.106,0.0987,0.0948,0.1113,0.9202
2024-02-29,0.1132,0.1057,0.0987,0.0942,0.1108,0.9335
2024-03-01,0.11,0.1046,0.0978,0.0934,0.1098,0.9508
2024-03-02,0.102,0.1002,0.0946,0.0912,0.1072,0.9819
2024-03-04,0.0983,0.0962,0.0921,0.0895,0.1045,0.9787
2024-03-06,0.0979,0.0982,0.0942,0.0919,0.1076,1.0032
2024-03-11,0.0961,0.0982,0.093,0.09,0.1053,1.0222
2024-03-13,0.111,0.1095,0.1009,0.0957,0.1119,0.9872
2024-03-14,0.107,0.1078,0.1013,0.0968,0.1115,1.0076
2024-03-15,0.1094,0.1071,0.1005,0.0955,0.111,0.9794
2024-03-18,0.1086,0.1037,0.0989,0.0948,0.1056,0.9555
2024-03-19,0.1149,0.1042,0.0986,0.0939,0.1067,0.9068
2024-03-20,0.1128,0.1059,0.1012,0.0967,0.1076,0.9391
2024-03-21,0.1156,0.1056,0.1007,0.0962,0.1093,0.9131
2024-03-22,0.1158,0.1082,0.1037,0.099,0.1126,0.9341
2024-03-26,0.1146,0.1062,0.1024,0.0983,0.1139,0.9265
2024-03-27,0.1132,0.1006,0.095,0.089,0.1071,0.8891
2024-03-28,0.1177,0.1056,0.1012,0.0975,0.1132,0.8967
2024-04-01,0.1182,0.1053,0.1009,0.0974,0.1146,0.8907
2024-04-02,0.1179,0.105,0.1011,0.0978,0.1146,0.8911
2024-04-03,0.11,0.1019,0.1,0.0978,0.114,0.9266
2024-04-04,0.1103,0.1044,0.1033,0.1032,0.1204,0.9466
2024-04-05,0.0962,0.1008,0.1023,0.1034,0.1192,1.0481
2024-04-08,0.0986,0.1016,0.1031,0.1041,0.1198,1.0307
2024-04-09,0.0987,0.1024,0.1034,0.1043,0.1209,1.0369
2024-04-10,0.0995,0.0995,0.1004,0.1012,0.1179,0.9994
2024-04-12,0.1039,0.0995,0.1009,0.1019,0.119,0.9571
2024-04-15,0.097,0.0863,0.0928,0.0966,0.115,0.8899
2024-04-16,0.0966,0.0827,0.0897,0.0941,0.115,0.8568
2024-04-18,0.0976,0.088,0.094,0.0979,0.1183,0.9014
2024-04-19,0.1004,0.0941,0.098,0.1008,0.1233,0.9374
2024-04-22,0.0958,0.0939,0.0986,0.1022,0.1263,0.9808
2024-04-23,0.0958,0.0919,0.0956,0.0991,0.1253,0.9595
2024-04-24,0.0927,0.0913,0.0948,0.0985,0.1229,0.9856
2024-04-25,0.0949,0.0919,0.0937,0.0969,0.1224,0.9675
2024-04-26,0.0971,0.0937,0.0944,0.0968,0.1203,0.9657
2024-04-29,0.1009,0.0949,0.0949,0.0966,0.1205,0.941
2024-04-30,0.097,0.091,0.0906,0.0906,0.1161,0.9389
2024-05-02,0.0951,0.0915,0.0909,0.091,0.1153,0.9624
2024-05-03,0.0991,0.1002,0.0989,0.0984,0.1226,1.0116
2024-05-06,0.0992,0.1003,0.0984,0.0976,0.1218,1.0112
2024-05-07,0.1006,0.0991,0.0952,0.0918,0.1164,0.9849
2024-05-08,0.1006,0.1001,0.0964,0.093,0.1179,0.9948
2024-05-09,0.1097,0.1055,0.101,0.097,0.1218,0.962
2024-05-10,0.1116,0.1059,0.1021,0.0983,0.122,0.949
2024-05-13,0.1101,0.1097,0.1073,0.1056,0.1268,0.9963
2024-05-14,0.1073,0.1092,0.1072,0.1056,0.1262,1.0174
2024-05-15,0.1005,0.1089,0.1069,0.105,0.1222,1.0835
2024-05-16,0.1033,0.114,0.1138,0.115,0.1279,1.1036
2024-05-17,0.0999,0.1095,0.1095,0.1111,0.1242,1.0963
2024-05-18,0.0977,0.1037,0.1053,0.1093,0.1186,1.0618
2024-05-21,0.0936,0.1038,0.1047,0.1082,0.1168,1.1095
2024-05-22,0.094,0.1043,0.1057,0.1094,0.1169,1.1102
2024-05-23,0.1086,0.111,0.1095,0.1115,0.1202,1.0221
2024-05-24,0.1063,0.1073,0.1072,0.11,0.1173,1.0094
2024-05-27,0.1031,0.1073,0.1085,0.1116,0.1185,1.0416
2024-05-28,0.0984,0.1062,0.1079,0.1112,0.1178,1.0797
2024-05-29,0.1025,0.1051,0.1065,0.1097,0.1185,1.0248
2024-05-30,0.1077,0.1077,0.1096,0.1125,0.1215,1.0003
2024-05-31,0.1046,0.1007,0.1038,0.1074,0.1156,0.9631
2024-06-03,0.1517,0.1025,0.1066,0.1123,0.1698,0.6754
2024-06-04,0.2649,0.2074,0.2017,0.2054,0.2452,0.7829
2024-06-05,0.29,0.2232,0.2186,0.2229,0.2612,0.7697
2024-06-06,0.2849,0.2217,0.2181,0.2229,0.2606,0.7779
2024-06-07,0.2919,0.2264,0.2203,0.2237,0.2628,0.7754
2024-06-10,0.2922,0.225,0.2184,0.221,0.2604,0.7698
2024-06-11,0.2922,0.2249,0.2185,0.2212,0.2604,0.7696
2024-06-12,0.292,0.2248,0.2185,0.2213,0.2605,0.77
2024-06-13,0.291,0.2222,0.2147,0.216,0.2568,0.7636
2024-06-14,0.291,0.2222,0.2147,0.2163,0.2568,0.7634
2024-06-18,0.2911,0.2216,0.214,0.2149,0.2558,0.7615
2024-06-19,0.2914,0.2221,0.2147,0.2157,0.2547,0.7622
2024-06-20,0.2914,0.2223,0.215,0.2161,0.2549,0.7629
2024-06-21,0.2871,0.2202,0.2142,0.2162,0.2537,0.7668
2024-06-24,0.2871,0.2207,0.2145,0.2163,0.2553,0.7688
2024-06-25,0.2878,0.2203,0.2137,0.2154,0.255,0.7654
2024-06-26,0.2879,0.2208,0.2141,0.2158,0.2557,0.7669
2024-06-27,0.286,0.2218,0.2151,0.2167,0.2547,0.7756
2024-06-28,0.2829,0.2208,0.2139,0.2156,0.2525,0.7804
2024-07-01,0.2829,0.2206,0.2132,0.2148,0.2526,0.7795
2024-07-02,0.2633,0.2197,0.2118,0.2124,0.2235,0.8344
2024-07-03,0.1296,0.1231,0.1228,0.1232,0.1341,0.95
2024-07-04,0.0813,0.0904,0.0878,0.0861,0.0986,1.1116
2024-07-05,0.0795,0.0885,0.0846,0.0823,0.096,1.1138
2024-07-08,0.0499,0.0742,0.077,0.0786,0.0896,1.4871
2024-07-09,0.0489,0.0729,0.0751,0.0765,0.088,1.4916
2024-07-10,0.054,0.0763,0.0787,0.0818,0.0923,1.4126
2024-07-11,0.0547,0.0774,0.0798,0.0833,0.0935,1.413
2024-07-12,0.0579,0.0798,0.0828,0.086,0.0941,1.3776
2024-07-15,0.058,0.0791,0.0819,0.0844,0.0929,1.3634
2024-07-16,0.0579,0.0791,0.0818,0.0841,0.0922,1.3657
2024-07-18,0.0589,0.081,0.0819,0.0832,0.0931,1.376
2024-07-19,0.0754,0.0848,0.0821,0.0814,0.0934,1.1243
2024-07-22,0.0741,0.0837,0.0818,0.0808,0.0932,1.1288
2024-07-23,0.075,0.0929,0.0953,0.103,0.1083,1.2383
2024-07-24,0.0735,0.0929,0.0962,0.1041,0.1094,1.2632
2024-07-25,0.0717,0.0927,0.0956,0.1034,0.1129,1.2941
2024-07-26,0.0891,0.0974,0.0961,0.1022,0.1137,1.0937
2024-07-29,0.0886,0.0979,0.0966,0.1024,0.1145,1.1051
2024-07-30,0.0875,0.0978,0.0975,0.1037,0.1152,1.1176
2024-07-31,0.0875,0.0971,0.0968,0.103,0.1141,1.1104
2024-08-01,0.0856,0.0973,0.097,0.103,0.1123,1.1364
2024-08-02,0.0972,0.0978,0.0976,0.1036,0.1169,1.0062
2024-08-05,0.1372,0.1044,0.1048,0.1105,0.1357,0.7607
2024-08-06,0.1374,0.1104,0.1116,0.1176,0.1428,0.8039
2024-08-07,0.1439,0.1108,0.1124,0.1185,0.15,0.7701
2024-08-08,0.1454,0.1097,0.1108,0.1157,0.1482,0.7543
2024-08-09,0.1501,0.1085,0.1095,0.1139,0.1516,0.7232
2024-08-12,0.1475,0.1085,0.11,0.1144,0.1518,0.7356
2024-08-13,0.1495,0.1102,0.1107,0.1147,0.1518,0.737
2024-08-14,0.1494,0.1104,0.1109,0.1148,0.152,0.7385
2024-08-16,0.1585,0.1111,0.1126,0.1173,0.1554,0.7007
2024-08-19,0.1539,0.1074,0.1113,0.1171,0.1547,0.6978
2024-08-20,0.1549,0.1061,0.1095,0.1155,0.1531,0.6848
2024-08-21,0.155,0.0969,0.0971,0.0955,0.1408,0.6255
2024-08-22,0.1546,0.0957,0.0953,0.0936,0.1398,0.619
2024-08-23,0.1545,0.0941,0.0944,0.0931,0.1357,0.6089
2024-08-26,0.1446,0.0868,0.0915,0.0922,0.1334,0.6005
2024-08-27,0.1446,0.0851,0.0897,0.0906,0.132,0.5884
2024-08-28,0.1447,0.085,0.0895,0.0901,0.1317,0.5874
2024-08-29,0.1447,0.0859,0.0903,0.0907,0.1324,0.5933
2024-08-30,0.1449,0.0854,0.0897,0.0902,0.1322,0.5895
2024-09-02,0.1379,0.0846,0.0888,0.0893,0.1265,0.6138
2024-09-03,0.0922,0.0748,0.0787,0.0795,0.0983,0.8113
2024-09-04,0.0926,0.0658,0.0684,0.0678,0.0964,0.7106
2024-09-05,0.086,0.0656,0.0676,0.0664,0.0885,0.763
2024-09-06,0.0927,0.069,0.0699,0.0679,0.0902,0.7441
2024-09-09,0.0873,0.0705,0.0713,0.0693,0.0851,0.8077
2024-09-10,0.0876,0.0697,0.0701,0.068,0.0835,0.795
2024-09-11,0.0832,0.0691,0.071,0.0696,0.0842,0.8308
2024-09-12,0.1018,0.0802,0.0808,0.0783,0.0931,0.7878
2024-09-13,0.0892,0.0747,0.0752,0.0726,0.0855,0.838
2024-09-16,0.0892,0.0746,0.0752,0.0725,0.0849,0.8366
2024-09-17,0.0883,0.0742,0.0747,0.0722,0.0844,0.8404
2024-09-18,0.0887,0.0751,0.0764,0.074,0.0856,0.8468
2024-09-19,0.0887,0.0773,0.0793,0.0774,0.0884,0.8719
2024-09-20,0.1001,0.0846,0.0861,0.0835,0.0946,0.8456
2024-09-23,0.099,0.0838,0.0854,0.0828,0.094,0.8472
2024-09-24,0.099,0.084,0.0856,0.0831,0.0944,0.8488
2024-09-25,0.099,0.0839,0.085,0.0824,0.0944,0.8474
2024-09-26,0.1012,0.0848,0.085,0.082,0.0944,0.8385
2024-09-27,0.1017,0.0852,0.0854,0.0823,0.0942,0.8377
2024-09-30,0.1158,0.0893,0.0886,0.085,0.0982,0.7711
2024-10-01,0.1159,0.0901,0.0897,0.0863,0.0993,0.7774
2024-10-03,0.1391,0.0958,0.0964,0.0943,0.1131,0.6885
2024-10-04,0.1428,0.1046,0.1077,0.1086,0.124,0.7324
2024-10-07,0.1401,0.1069,0.1099,0.1106,0.126,0.7627
2024-10-08,0.143,0.1083,0.1111,0.1116,0.1269,0.757
2024-10-09,0.1423,0.1092,0.1121,0.1133,0.1282,0.7671
2024-10-10,0.1412,0.1082,0.1111,0.1124,0.1278,0.7661
2024-10-11,0.1241,0.1003,0.1044,0.1066,0.1207,0.8085
2024-10-14,0.1266,0.1004,0.1042,0.1063,0.1207,0.7925
2024-10-15,0.1268,0.1014,0.1051,0.1069,0.1214,0.8001
2024-10-16,0.1269,0.1024,0.1063,0.1081,0.1224,0.8068
2024-10-17,0.1299,0.1043,0.106,0.107,0.1225,0.8027
2024-10-18,0.1309,0.106,0.1072,0.1077,0.1233,0.8095
2024-10-21,0.1177,0.1032,0.1048,0.1059,0.121,0.877
2024-10-22,0.1196,0.1095,0.1096,0.1097,0.1241,0.9161
2024-10-23,0.1192,0.1108,0.1113,0.1126,0.127,0.9296
2024-10-24,0.1177,0.1107,0.1114,0.1129,0.1269,0.9404
2024-10-25,0.1118,0.1134,0.1145,0.1161,0.1288,1.0149
2024-10-28,0.1174,0.1172,0.1196,0.1211,0.1335,0.9991
2024-10-29,0.1146,0.1178,0.1216,0.1246,0.1355,1.0277
2024-10-30,0.1146,0.1181,0.122,0.1252,0.1366,1.0306
2024-10-31,0.0936,0.1144,0.1176,0.12,0.1234,1.2229
2024-11-01,0.092,0.106,0.1071,0.1071,0.1128,1.1523
2024-11-04,0.0969,0.1083,0.1093,0.1106,0.1156,1.1172
2024-11-05,0.0973,0.1109,0.1107,0.1114,0.1179,1.139
2024-11-06,0.1069,0.112,0.1114,0.1112,0.1188,1.0482
2024-11-07,0.1128,0.1148,0.1124,0.1112,0.1191,1.0177
2024-11-08,0.1128,0.1159,0.1139,0.1126,0.1202,1.0274
2024-11-11,0.109,0.119,0.1184,0.1178,0.1244,1.0914
2024-11-12,0.1131,0.123,0.1204,0.1189,0.1266,1.0874
2024-11-13,0.1197,0.1263,0.1227,0.1204,0.1284,1.0556
2024-11-14,0.1178,0.1249,0.1231,0.1219,0.129,1.0603
2024-11-18,0.1152,0.124,0.1223,0.1214,0.1277,1.0765
2024-11-19,0.1168,0.1246,0.1241,0.1251,0.1304,1.0667
2024-11-21,0.1125,0.1209,0.1217,0.1236,0.1285,1.0743
2024-11-22,0.144,0.1308,0.1272,0.1254,0.1328,0.9087
2024-11-25,0.1521,0.1316,0.1283,0.1265,0.1419,0.8657
2024-11-26,0.1488,0.1291,0.1257,0.1242,0.1404,0.8672
2024-11-27,0.1475,0.1265,0.1222,0.1206,0.1376,0.8581
2024-11-28,0.1546,0.1298,0.1232,0.1191,0.1372,0.8396
2024-11-29,0.1577,0.1308,0.1232,0.1185,0.1362,0.8293
2024-12-02,0.158,0.1322,0.1253,0.1212,0.1384,0.8363
2024-12-03,0.1595,0.1331,0.1264,0.1224,0.1394,0.8345
2024-12-04,0.1522,0.1268,0.1207,0.116,0.1336,0.833
2024-12-05,0.1527,0.1315,0.1294,0.1259,0.1393,0.8607
2024-12-06,0.1484,0.1287,0.1264,0.123,0.1364,0.8673
2024-12-09,0.1422,0.126,0.1253,0.1228,0.136,0.8861
2024-12-10,0.1418,0.1254,0.1246,0.1224,0.1355,0.8845
2024-12-11,0.1418,0.1223,0.1204,0.1175,0.1309,0.8629
2024-12-12,0.1364,0.1177,0.1179,0.1163,0.1291,0.8626
2024-12-13,0.1271,0.125,0.1279,0.13,0.1396,0.9831
2024-12-16,0.1285,0.1247,0.1274,0.1291,0.139,0.9702
2024-12-17,0.1387,0.1257,0.1275,0.1284,0.1399,0.906
2024-12-18,0.141,0.1243,0.1252,0.1245,0.137,0.881
2024-12-19,0.1438,0.1228,0.1238,0.123,0.1445,0.8543
2024-12-20,0.13,0.1201,0.1239,0.1244,0.1441,0.9238
2024-12-23,0.1235,0.1203,0.1241,0.1246,0.137,0.9741
2024-12-24,0.1235,0.1199,0.1242,0.1249,0.1358,0.9707
2024-12-26,0.1227,0.1198,0.1243,0.125,0.136,0.9764
2024-12-27,0.1123,0.113,0.1197,0.1224,0.1328,1.0059
2024-12-30,0.1094,0.1142,0.1219,0.1248,0.1344,1.0433
2024-12-31,0.1065,0.1131,0.1209,0.1236,0.1338,1.062
2025-01-01,0.1037,0.1142,0.1221,0.1246,0.1338,1.1011
2025-01-02,0.1248,0.1204,0.1247,0.1255,0.1366,0.9645
2025-01-03,0.1211,0.1118,0.1127,0.1131,0.1264,0.9232
2025-01-06,0.1315,0.1212,0.1191,0.1174,0.1318,0.9212
2025-01-07,0.1332,0.1215,0.1195,0.1179,0.1327,0.9123
2025-01-08,0.1332,0.1228,0.1213,0.1212,0.1352,0.9226
2025-01-09,0.1337,0.1236,0.1217,0.1213,0.1353,0.9249
2025-01-10,0.1337,0.1251,0.1233,0.1228,0.1366,0.9355
2025-01-13,0.1338,0.1164,0.1129,0.1095,0.1297,0.8695
2025-01-14,0.1362,0.116,0.1126,0.1093,0.1305,0.8512
2025-01-15,0.1316,0.1134,0.1111,0.1084,0.1296,0.8612
2025-01-16,0.133,0.1118,0.1091,0.1064,0.1303,0.8412
2025-01-17,0.1299,0.1126,0.1102,0.1078,0.1216,0.8669
2025-01-20,0.1222,0.1041,0.1038,0.1031,0.1172,0.8518
2025-01-21,0.1272,0.1102,0.1057,0.103,0.1175,0.8665
2025-01-22,0.1296,0.1104,0.1058,0.1036,0.1184,0.8515
2025-01-23,0.13,0.1102,0.1053,0.103,0.1183,0.8476
2025-01-24,0.1298,0.1128,0.1088,0.1065,0.121,0.8692
2025-01-27,0.133,0.1111,0.1067,0.1042,0.1218,0.8356
2025-01-28,0.1353,0.1122,0.1086,0.1064,0.1236,0.8293
2025-01-29,0.1388,0.1114,0.1071,0.1048,0.1227,0.8027
2025-01-30,0.1203,0.1044,0.1035,0.1032,0.119,0.8682
2025-01-31,0.1265,0.1055,0.1045,0.1041,0.1205,0.8341
2025-02-01,0.1136,0.0981,0.102,0.104,0.1184,0.8635
2025-02-03,0.1137,0.0982,0.1021,0.1042,0.1216,0.863
2025-02-04,0.1277,0.1002,0.1027,0.1026,0.1228,0.7847
2025-02-05,0.1254,0.0995,0.1022,0.1021,0.1224,0.793
2025-02-06,0.1254,0.0987,0.1007,0.1006,0.1216,0.7876
2025-02-07,0.1129,0.0977,0.0995,0.099,0.1134,0.8649
2025-02-10,0.1162,0.0996,0.101,0.1,0.1145,0.8573
2025-02-11,0.1254,0.1054,0.1048,0.103,0.1177,0.8404
2025-02-12,0.1243,0.1097,0.1108,0.1105,0.1218,0.8819
2025-02-13,0.1235,0.1105,0.1122,0.1125,0.1231,0.8954
2025-02-14,0.1219,0.1137,0.1155,0.116,0.1257,0.9327
2025-02-17,0.1126,0.1084,0.1137,0.1159,0.1258,0.9631
2025-02-18,0.1106,0.1085,0.1139,0.1163,0.1256,0.9811
2025-02-19,0.1102,0.1094,0.1151,0.1177,0.1277,0.9932
2025-02-20,0.1091,0.1065,0.1112,0.1131,0.1253,0.9761
2025-02-21,0.103,0.1061,0.1111,0.1131,0.1233,1.0303
2025-02-24,0.107,0.1039,0.1079,0.1097,0.1222,0.9702
2025-02-25,0.101,0.1026,0.1071,0.1093,0.121,1.0162
2025-02-27,0.0994,0.1017,0.1061,0.1084,0.1202,1.0232
2025-02-28,0.1053,0.1041,0.1068,0.1083,0.1209,0.9891
2025-03-03,0.1055,0.1031,0.1053,0.1067,0.1204,0.9776
2025-03-04,0.1053,0.103,0.1046,0.1056,0.1196,0.9783
2025-03-05,0.0957,0.1032,0.1038,0.1044,0.1161,1.0787
2025-03-06,0.1047,0.1067,0.1089,0.1122,0.1244,1.0197
2025-03-07,0.105,0.1061,0.109,0.1126,0.1238,1.011
2025-03-10,0.1052,0.1063,0.1093,0.1136,0.1239,1.0108
2025-03-11,0.1043,0.1056,0.1085,0.1127,0.1239,1.0133
2025-03-12,0.0956,0.1017,0.1071,0.1127,0.1231,1.0634
2025-03-13,0.0959,0.098,0.1012,0.1055,0.1189,1.0222
2025-03-17,0.0984,0.0977,0.0997,0.1029,0.1171,0.9934
2025-03-18,0.1111,0.095,0.0959,0.0984,0.1163,0.855
2025-03-19,0.1116,0.093,0.0941,0.0968,0.1145,0.8327
2025-03-20,0.1195,0.0939,0.0944,0.0959,0.1163,0.786
2025-03-21,0.1214,0.0947,0.0941,0.0949,0.1151,0.7795
2025-03-24,0.1283,0.0973,0.0973,0.098,0.1191,0.7587
2025-03-25,0.126,0.0985,0.0988,0.0996,0.1206,0.7815
2025-03-26,0.1227,0.1008,0.1002,0.1003,0.1178,0.822
2025-03-27,0.1226,0.1025,0.1015,0.101,0.1187,0.8357
2025-03-28,0.1238,0.1036,0.1028,0.1023,0.1197,0.8368
2025-04-01,0.1164,0.1057,0.1087,0.1111,0.1271,0.908
2025-04-02,0.1172,0.1042,0.1062,0.1084,0.1247,0.8896
2025-04-03,0.1182,0.1044,0.1066,0.1089,0.126,0.8831
2025-04-04,0.1282,0.1049,0.107,0.1091,0.1272,0.8187
2025-04-07,0.171,0.1122,0.1097,0.1072,0.218,0.6558
2025-04-08,0.1816,0.1181,0.1178,0.1154,0.2278,0.6507
2025-04-09,0.1823,0.1163,0.1153,0.112,0.2264,0.6382
2025-04-11,0.1939,0.1166,0.1159,0.1133,0.2324,0.6014
2025-04-15,0.2068,0.1152,0.114,0.1115,0.2464,0.557
2025-04-16,0.2061,0.1151,0.1144,0.1123,0.2462,0.5583
2025-04-17,0.2126,0.1244,0.1211,0.1172,0.249,0.585
2025-04-21,0.2109,0.1246,0.1215,0.1176,0.2484,0.591
2025-04-22,0.2109,0.1249,0.1219,0.1181,0.2487,0.5923
2025-04-23,0.2086,0.1247,0.1225,0.1207,0.2506,0.5978
2025-04-24,0.2088,0.1227,0.1209,0.1196,0.2501,0.5879
2025-04-25,0.2076,0.1286,0.1278,0.1267,0.2523,0.6195
2025-04-28,0.2111,0.1291,0.1265,0.1247,0.2513,0.6114
2025-04-29,0.2086,0.1273,0.1256,0.1243,0.2508,0.6104
2025-04-30,0.2085,0.1267,0.1256,0.1248,0.2509,0.608
2025-05-02,0.2078,0.1291,0.1291,0.1296,0.2528,0.6214
2025-05-05,0.1986,0.1236,0.1224,0.1215,0.2478,0.622
2025-05-06,0.199,0.1233,0.1223,0.1215,0.2479,0.6195
2025-05-07,0.1979,0.124,0.1226,0.1215,0.2474,0.6266
2025-05-08,0.1902,0.1224,0.1225,0.1225,0.2471,0.6435
2025-05-09,0.1486,0.1137,0.1174,0.1202,0.1675,0.7655
2025-05-12,0.1841,0.117,0.1134,0.1138,0.1694,0.6358
2025-05-13,0.1919,0.1222,0.1181,0.1179,0.1723,0.6364
2025-05-14,0.1847,0.1219,0.1184,0.1179,0.1679,0.6602
2025-05-15,0.1787,0.1323,0.129,0.1275,0.1562,0.7405
2025-05-16,0.1795,0.1317,0.1283,0.1269,0.1559,0.7334
2025-05-19,0.1729,0.1217,0.1212,0.1216,0.1504,0.7037
2025-05-20,0.1749,0.1225,0.1203,0.12,0.1498,0.7006
2025-05-21,0.1755,0.1237,0.1217,0.1216,0.1509,0.7047
2025-05-22,0.1773,0.1242,0.122,0.1207,0.1488,0.7002
2025-05-23,0.1795,0.1262,0.1234,0.1217,0.1496,0.7031
2025-05-26,0.1765,0.1186,0.1145,0.1128,0.1428,0.672
2025-05-27,0.1752,0.1196,0.1178,0.1166,0.1453,0.6829
2025-05-28,0.1757,0.1192,0.117,0.1157,0.1447,0.6786
2025-05-29,0.1758,0.1194,0.1173,0.116,0.1452,0.679
2025-05-30,0.1765,0.1161,0.1125,0.1098,0.141,0.6578
2025-06-02,0.1761,0.1173,0.1141,0.1119,0.1427,0.666
2025-06-03,0.1776,0.1199,0.1164,0.1137,0.1446,0.6755
2025-06-04,0.1778,0.1186,0.1156,0.1132,0.1422,0.6673
2025-06-05,0.1771,0.1184,0.116,0.1135,0.1424,0.6685
2025-06-06,0.1741,0.1206,0.1171,0.113,0.1324,0.6926
2025-06-09,0.1176,0.1104,0.1117,0.1101,0.1157,0.939
2025-06-10,0.1054,0.1049,0.1068,0.1058,0.111,0.9948
2025-06-11,0.105,0.1036,0.1052,0.1042,0.1097,0.9866
2025-06-12,0.0966,0.0942,0.0947,0.0931,0.0996,0.9751
2025-06-13,0.0992,0.0968,0.0958,0.0934,0.1183,0.9765
2025-06-16,0.1043,0.0986,0.0966,0.0937,0.119,0.946
2025-06-17,0.0981,0.0953,0.0953,0.0935,0.1178,0.9717
2025-06-18,0.0966,0.0942,0.0939,0.0923,0.117,0.9744
2025-06-19,0.0919,0.0918,0.0913,0.0886,0.1138,0.9981
2025-06-20,0.0962,0.0932,0.0907,0.0872,0.1135,0.9683
2025-06-23,0.0963,0.0941,0.0922,0.0887,0.1164,0.9763
2025-06-24,0.0934,0.0929,0.0905,0.0873,0.1193,0.9948
2025-06-25,0.096,0.093,0.0906,0.0874,0.1201,0.9691
2025-06-26,0.1031,0.0947,0.0897,0.085,0.119,0.9188
2025-06-27,0.1018,0.0945,0.0894,0.0848,0.1188,0.9282
2025-06-30,0.1037,0.0938,0.0877,0.082,0.1168,0.9046
2025-07-01,0.0989,0.0893,0.0838,0.0788,0.1136,0.9036
2025-07-02,0.1005,0.0908,0.0854,0.0804,0.1151,0.9036
2025-07-03,0.1003,0.0891,0.0825,0.0772,0.1131,0.8876
2025-07-04,0.0952,0.0844,0.0786,0.0744,0.1107,0.887
2025-07-07,0.0945,0.0844,0.0788,0.0745,0.1087,0.8928
2025-07-08,0.0947,0.0841,0.0784,0.074,0.1076,0.8889
2025-07-09,0.0951,0.0839,0.078,0.0736,0.1073,0.8829
2025-07-10,0.089,0.0793,0.0738,0.0698,0.1044,0.8907
2025-07-11,0.0905,0.0772,0.0734,0.0703,0.0863,0.8526
2025-07-14,0.086,0.0749,0.0723,0.0703,0.0857,0.8708
2025-07-15,0.0859,0.0747,0.0722,0.0704,0.0856,0.8694
2025-07-16,0.0855,0.0736,0.0707,0.0683,0.0834,0.8614
2025-07-17,0.0869,0.0737,0.0701,0.0673,0.0829,0.8477
2025-07-18,0.0774,0.07,0.0696,0.0682,0.082,0.904
2025-07-21,0.0768,0.0699,0.069,0.0682,0.0775,0.9097
2025-07-22,0.0763,0.0657,0.0635,0.062,0.0682,0.8602
2025-07-23,0.0744,0.0658,0.0638,0.0625,0.0679,0.8843
2025-07-24,0.0631,0.0636,0.0633,0.063,0.0669,1.0069
2025-07-25,0.0668,0.065,0.0637,0.0629,0.0675,0.9738
2025-07-28,0.0679,0.0663,0.0661,0.0657,0.0703,0.9762
2025-07-29,0.072,0.0693,0.0676,0.0665,0.0729,0.9615
2025-07-30,0.0723,0.0675,0.066,0.0653,0.0722,0.934
2025-07-31,0.0727,0.0709,0.0705,0.0718,0.083,0.976
2025-08-01,0.0753,0.0732,0.0721,0.0725,0.0837,0.972
2025-08-04,0.0803,0.0746,0.0731,0.0733,0.0849,0.9286
2025-08-05,0.0792,0.0749,0.0738,0.0741,0.0852,0.9455
2025-08-06,0.0793,0.075,0.0738,0.0741,0.0852,0.9459
2025-08-07,0.0791,0.0776,0.0778,0.0785,0.0896,0.982
2025-08-08,0.0806,0.0789,0.0784,0.0787,0.0894,0.9786
2025-08-11,0.0885,0.081,0.0791,0.0784,0.0901,0.9149
2025-08-12,0.0867,0.0825,0.0815,0.0816,0.0923,0.9514
2025-08-13,0.0896,0.0824,0.0814,0.0815,0.0936,0.9201
2025-08-14,0.0892,0.0819,0.0813,0.0816,0.0934,0.9183
2025-08-18,0.0949,0.0809,0.0807,0.0814,0.1031,0.8524
2025-08-19,0.0944,0.0794,0.0786,0.0788,0.1013,0.8406
2025-08-20,0.0949,0.0796,0.079,0.0793,0.1011,0.8382
2025-08-21,0.0923,0.079,0.0784,0.0786,0.1008,0.8565
2025-08-22,0.0944,0.079,0.0781,0.0782,0.1006,0.8367
2025-08-25,0.09,0.0778,0.078,0.0784,0.1006,0.8644
2025-08-26,0.0946,0.0775,0.0763,0.076,0.0996,0.8192
2025-08-28,0.0968,0.0769,0.0758,0.0756,0.0985,0.7946
2025-08-29,0.0969,0.0775,0.0766,0.0765,0.0988,0.8001
2025-09-01,0.1011,0.0745,0.0711,0.0683,0.0885,0.7371
2025-09-02,0.0971,0.0742,0.0719,0.0696,0.0888,0.7636
2025-09-03,0.0964,0.0746,0.0729,0.0709,0.0896,0.7734
2025-09-04,0.0959,0.0772,0.0736,0.0707,0.0966,0.8052
2025-09-05,0.0951,0.0785,0.0754,0.0733,0.0984,0.8247
2025-09-08,0.0952,0.0752,0.0715,0.0694,0.0932,0.7898
2025-09-09,0.0887,0.0723,0.0693,0.0677,0.0909,0.815
2025-09-10,0.0847,0.0696,0.0681,0.0673,0.09,0.8223
2025-09-11,0.0829,0.067,0.0645,0.0626,0.0873,0.8088
2025-09-12,0.0823,0.0667,0.064,0.062,0.0867,0.8101
2025-09-15,0.0828,0.0668,0.064,0.062,0.0864,0.806
2025-09-16,0.0791,0.0671,0.0631,0.0604,0.0777,0.8489
2025-09-17,0.0788,0.0664,0.0623,0.0596,0.077,0.8419
2025-09-18,0.0792,0.0657,0.0618,0.0598,0.0771,0.8302
2025-09-19,0.0807,0.0663,0.0624,0.0604,0.0776,0.8216
2025-09-22,0.0764,0.0652,0.0631,0.062,0.0798,0.8535
2025-09-23,0.0758,0.066,0.0642,0.0631,0.0804,0.8719
2025-09-24,0.0677,0.0639,0.0632,0.0627,0.0794,0.9441
2025-09-25,0.0646,0.0636,0.064,0.064,0.0801,0.9851
2025-09-26,0.0728,0.0653,0.0647,0.0637,0.0811,0.8961
2025-09-29,0.0674,0.0648,0.0658,0.0655,0.0816,0.9619
2025-09-30,0.0672,0.0628,0.063,0.0625,0.0797,0.9358
2025-10-01,0.0718,0.0644,0.0629,0.0614,0.0798,0.8965
2025-10-03,0.0722,0.0615,0.0615,0.0607,0.0727,0.8521
2025-10-06,0.0762,0.0615,0.0603,0.0581,0.0706,0.8081
2025-10-07,0.0761,0.0617,0.0605,0.059,0.0709,0.8101
2025-10-08,0.076,0.0633,0.0627,0.0616,0.072,0.833
2025-10-09,0.0768,0.0642,0.0633,0.062,0.0707,0.8352
2025-10-10,0.0779,0.0653,0.0643,0.0629,0.0714,0.8389
2025-10-13,0.0772,0.0655,0.0644,0.063,0.0724,0.8482
2025-10-14,0.0778,0.0684,0.0677,0.0663,0.0755,0.8785
2025-10-15,0.0782,0.0687,0.0685,0.0672,0.0763,0.8786
2025-10-16,0.085,0.0715,0.0706,0.0689,0.0786,0.8413
2025-10-17,0.0856,0.0743,0.0733,0.0708,0.0789,0.8681
2025-10-20,0.0855,0.0742,0.0735,0.0712,0.0807,0.8683
2025-10-21,0.0827,0.0732,0.072,0.0696,0.0788,0.885
2025-10-23,0.0822,0.0743,0.0724,0.0695,0.0829,0.9045
2025-10-24,0.0815,0.0759,0.0738,0.071,0.0837,0.9312
2025-10-27,0.0778,0.0752,0.073,0.0702,0.0827,0.9665
2025-10-28,0.0665,0.0747,0.0739,0.0716,0.0822,1.1233
2025-10-29,0.0657,0.0739,0.0729,0.0706,0.0808,1.1242
2025-10-30,0.0726,0.0744,0.0735,0.0711,0.0821,1.0247
2025-10-31,0.0742,0.0737,0.074,0.0724,0.0832,0.9934
2025-11-03,0.0741,0.0736,0.0746,0.0733,0.0828,0.9927
2025-11-04,0.0763,0.0734,0.0746,0.0734,0.0831,0.9618
2025-11-06,0.0778,0.074,0.0751,0.0734,0.0833,0.951
2025-11-07,0.0771,0.0749,0.0763,0.0744,0.0847,0.9716
2025-11-10,0.0759,0.0745,0.076,0.0746,0.0847,0.982
2025-11-11,0.0762,0.0763,0.0789,0.0789,0.0879,1.0015
2025-11-12,0.0782,0.0768,0.0795,0.0795,0.0879,0.9812
2025-11-13,0.0766,0.0757,0.0788,0.079,0.0872,0.9872
2025-11-14,0.0739,0.0755,0.0786,0.0787,0.0889,1.0216
2025-11-17,0.0669,0.0732,0.0771,0.0777,0.0874,1.0934
2025-11-18,0.0672,0.0707,0.0746,0.0754,0.085,1.0519
2025-11-19,0.0675,0.0721,0.0755,0.076,0.0848,1.0674
2025-11-20,0.0696,0.073,0.0767,0.0772,0.086,1.0491
2025-11-21,0.072,0.0711,0.0753,0.0763,0.0823,0.9864
2025-11-24,0.0724,0.0711,0.0751,0.0757,0.0821,0.9826
2025-11-25,0.0694,0.0711,0.0751,0.0758,0.0819,1.0242
2025-11-26,0.0815,0.0749,0.074,0.0728,0.0818,0.9193
2025-11-27,0.0802,0.0753,0.0748,0.0736,0.0825,0.9395
2025-11-28,0.076,0.0743,0.0738,0.0727,0.081,0.9771
2025-12-01,0.0724,0.0734,0.0724,0.0711,0.0812,1.0138
2025-12-02,0.0756,0.0733,0.0725,0.0712,0.0822,0.9703
2025-12-03,0.0718,0.0727,0.0726,0.0717,0.0823,1.0128
2025-12-04,0.0702,0.0722,0.0722,0.0711,0.0817,1.0283
2025-12-05,0.0718,0.0717,0.0699,0.0681,0.0792,0.9987
2025-12-08,0.0793,0.0744,0.0721,0.0695,0.0811,0.9386
2025-12-09,0.08,0.0729,0.0701,0.0661,0.0797,0.9102
2025-12-10,0.0769,0.0739,0.071,0.0673,0.0784,0.9601
2025-12-11,0.0794,0.0744,0.071,0.0672,0.0785,0.9373
2025-12-12,0.0817,0.0732,0.0701,0.0664,0.0767,0.896
2025-12-15,0.0807,0.0735,0.0702,0.0664,0.0784,0.9116
2025-12-16,0.0826,0.0734,0.0703,0.0665,0.079,0.8888
2025-12-17,0.0802,0.0724,0.0694,0.0656,0.0784,0.9029
2025-12-18,0.0774,0.0723,0.0693,0.0657,0.0779,0.9344
2025-12-19,0.0791,0.0722,0.069,0.0652,0.0781,0.9124
2025-12-22,0.0824,0.0705,0.0673,0.0635,0.0772,0.8554
2025-12-23,0.0816,0.0696,0.0667,0.0632,0.0767,0.854
2025-12-24,0.0696,0.0633,0.0649,0.0637,0.0746,0.9097
2025-12-26,0.0707,0.0628,0.064,0.0626,0.0736,0.8879
2025-12-29,0.0718,0.064,0.0649,0.0634,0.0744,0.8921
2025-12-30,0.0717,0.0624,0.064,0.0626,0.0714,0.87
2025-12-31,0.0741,0.0636,0.0644,0.0629,0.0713,0.8594
2026-01-01,0.0737,0.0624,0.0627,0.061,0.07,0.8461
2026-01-02,0.0771,0.0636,0.0628,0.0607,0.0702,0.825
2026-01-05,0.0755,0.0625,0.0629,0.0612,0.07,0.8277
2026-01-06,0.0693,0.0592,0.0607,0.0595,0.0684,0.8535
2026-01-07,0.0672,0.0578,0.0588,0.0574,0.0657,0.8592
2026-01-08,0.0759,0.0595,0.0586,0.0561,0.0657,0.7833
2026-01-09,0.0779,0.0622,0.0619,0.0593,0.0684,0.7981
2026-01-12,0.0765,0.0676,0.0688,0.0685,0.0749,0.8831
2026-01-13,0.0768,0.0709,0.0725,0.0729,0.0783,0.9242
2026-01-14,0.0742,0.0716,0.0738,0.0748,0.0799,0.9658
2026-01-16,0.0742,0.0726,0.0754,0.0777,0.0821,0.9779
2026-01-19,0.0755,0.0723,0.0749,0.0776,0.0819,0.9581
2026-01-20,0.085,0.0797,0.0792,0.0804,0.0847,0.937
2026-01-21,0.078,0.0853,0.0875,0.0891,0.0916,1.0933
2026-01-22,0.0817,0.0877,0.0907,0.0922,0.0978,1.0741
2026-01-23,0.0861,0.0914,0.0921,0.0924,0.099,1.0624
2026-01-27,0.0893,0.0946,0.0961,0.0965,0.1027,1.0595
2026-01-28,0.0934,0.0946,0.0965,0.097,0.1038,1.0138
2026-01-29,0.0944,0.0976,0.1002,0.1017,0.1077,1.0333
2026-01-30,0.0898,0.0968,0.0999,0.1015,0.1099,1.0782
2026-02-01,0.1091,0.1215,0.1243,0.1241,0.1305,1.1134
2026-02-02,0.1137,0.1256,0.1281,0.1277,0.1343,1.1049
2026-02-03,0.1483,0.1363,0.1339,0.1312,0.2161,0.9192
2026-02-04,0.1485,0.1373,0.135,0.1323,0.2168,0.9247
2026-02-05,0.1493,0.1377,0.1353,0.1326,0.2168,0.9228
2026-02-06,0.1457,0.137,0.1354,0.1335,0.2173,0.9403
2026-02-09,0.1452,0.1348,0.1331,0.1314,0.2165,0.9285
2026-02-10,0.1448,0.1322,0.1298,0.1271,0.2138,0.9129
2026-02-11,0.1445,0.1302,0.1276,0.1246,0.2124,0.9006
2026-02-12,0.1457,0.1299,0.1269,0.1236,0.2114,0.8911
2026-02-13,0.1528,0.1296,0.1261,0.122,0.2146,0.8477
2026-02-16,0.155,0.1316,0.1272,0.1223,0.2154,0.849
2026-02-17,0.1463,0.128,0.1254,0.1213,0.2148,0.8745
2026-02-18,0.1459,0.1247,0.1207,0.1165,0.2115,0.8549
2026-02-19,0.1545,0.1292,0.122,0.1164,0.2116,0.8362
2026-02-20,0.1508,0.1285,0.1228,0.118,0.2126,0.852
2026-02-23,0.151,0.1264,0.1201,0.1152,0.2112,0.8372
2026-02-24,0.1553,0.1282,0.1215,0.1165,0.2126,0.8252
2026-02-25,0.1552,0.1271,0.12,0.1144,0.2115,0.819
2026-02-26,0.1545,0.1272,0.1203,0.1149,0.2093,0.8234
2026-02-27,0.1444,0.1075,0.0972,0.0915,0.1983,0.7444
2026-03-02,0.1466,0.1063,0.0971,0.0917,0.2135,0.7254
2026-03-04,0.1232,0.0948,0.0927,0.0906,0.1432,0.7699
2026-03-05,0.1307,0.0967,0.0952,0.093,0.147,0.7404
2026-03-06,0.1338,0.0988,0.0971,0.0945,0.1481,0.7381
2026-03-09,0.1447,0.103,0.1024,0.0998,0.1712,0.7114
2026-03-10,0.1499,0.1044,0.1044,0.1033,0.1764,0.6961
2026-03-11,0.157,0.1118,0.109,0.1064,0.1782,0.7121
2026-03-12,0.1567,0.1142,0.1124,0.1101,0.1797,0.7291
2026-03-13,0.1654,0.1187,0.1158,0.1126,0.182,0.7176
2026-03-16,0.169,0.128,0.1271,0.1236,0.1876,0.7573
2026-03-17,0.1694,0.1283,0.1291,0.1262,0.1906,0.7575
2026-03-18,0.1742,0.1292,0.13,0.1272,0.1924,0.7416
2026-03-19,0.1917,0.1348,0.1373,0.1343,0.2093,0.7029
2026-03-20,0.1908,0.131,0.137,0.1362,0.2093,0.6868
2026-03-23,0.2037,0.1337,0.1376,0.1357,0.2118,0.6566
2026-03-24,0.2206,0.1391,0.1446,0.1438,0.2273,0.6303
2026-03-25,0.2309,0.1414,0.1471,0.1468,0.2312,0.6127
2026-03-27,0.2359,0.1446,0.1479,0.1463,0.2303,0.6129
2026-03-30,0.2402,0.1495,0.1538,0.152,0.234,0.6225
2026-04-01,0.2496,0.1499,0.1553,0.1538,0.2526,0.6007
2026-04-02,0.2487,0.1569,0.1626,0.1611,0.2523,0.6309
2026-04-06,0.2509,0.1605,0.1668,0.1666,0.2497,0.6397
2026-04-07,0.2488,0.1631,0.1683,0.1678,0.2494,0.6555
2026-04-08,0.2841,0.1622,0.1672,0.1668,0.2746,0.5709
2026-04-09,0.2786,0.161,0.1656,0.1648,0.2598,0.5778
2026-04-10,0.2787,0.1609,0.1648,0.1627,0.2562,0.5773
2026-04-13,0.2734,0.1587,0.1642,0.1628,0.264,0.5806
2026-04-15,0.2771,0.1572,0.1622,0.1606,0.2671,0.5674
2026-04-16,0.2664,0.1555,0.1613,0.1603,0.2662,0.5839
2026-04-17,0.2662,0.1492,0.1534,0.1527,0.2621,0.5605
2026-04-20,0.2654,0.148,0.1519,0.1512,0.261,0.5578
2026-04-21,0.2659,0.148,0.1511,0.1499,0.2604,0.5564
2026-04-22,0.2451,0.1428,0.1441,0.1429,0.2418,0.5827
2026-04-23,0.2482,0.1413,0.1421,0.1402,0.2421,0.5694
2026-04-24,0.2278,0.1411,0.1442,0.1432,0.2376,0.6195
2026-04-27,0.2199,0.1363,0.1371,0.1346,0.2265,0.6199
2026-04-28,0.2158,0.1327,0.1341,0.1314,0.2244,0.6149
2026-04-29,0.201,0.1302,0.1343,0.1335,0.2235,0.6477
2026-04-30,0.1851,0.1263,0.1301,0.1303,0.2179,0.6826
2026-05-04,0.1808,0.1252,0.1297,0.1305,0.2039,0.6924
2026-05-05,0.1817,0.113,0.1172,0.1194,0.1908,0.6216
