entry_date,expiry_date,S_entry,S_exit,atm_strike,short_call_k,short_put_k,long_call_k,long_put_k,straddle_pnl,strangle_pnl,condor_pnl,straddle_credit,strangle_credit,condor_credit,straddle_cost,strangle_cost,condor_cost,net_straddle_pnl,net_strangle_pnl,net_condor_pnl,vol_tercile,cost_scenario,short_leg_cost_param,wing_leg_cost_param,statutory_pct_param,straddle_cost,strangle_cost,condor_cost,net_straddle_pnl_calibrated,net_strangle_pnl_calibrated,net_condor_pnl_calibrated
2024-12-27,2025-01-02,23813.4,24188.65,23800,24150,23550,24350,23300,-100.15000000000146,38.04999999999855,12.999999999998547,288.5,76.7,51.650000000000006,2.1151,1.988,3.1532,-101.32310000000146,37.00397999999855,11.353979999998547,Mid,calibrated_60pct_condor,0.971,0.5826,0.0006,2.1151,1.988,3.1532,-102.2651,36.062,9.8468
2025-01-03,2025-01-09,24004.75,23526.5,24000,24350,23700,24550,23400,-162.70000000000005,-84.05000000000001,-112.15,310.79999999999995,89.44999999999999,61.34999999999999,2.1285,1.9957,3.1609,-163.88648000000003,-85.10367000000001,-113.80367000000001,Mid,calibrated_60pct_condor,0.971,0.5826,0.0006,2.1285,1.9957,3.1609,-164.8285,-86.0457,-115.3109
2025-01-10,2025-01-16,23431.5,23311.8,23450,23800,23100,24000,22800,172.49999999999926,86.4,53.00000000000001,310.7,86.4,53.00000000000001,2.1284,1.9938,3.159,171.31357999999926,85.34816000000001,51.34816000000001,High,calibrated_60pct_condor,0.971,0.5826,0.0006,2.1284,1.9938,3.159,170.3716,84.4062,49.841
2025-01-17,2025-01-23,23203.2,23205.35,23200,23550,22850,23800,22550,327.65000000000146,94.75,65.3,333.0,94.75,65.3,2.1418,1.9989,3.164,326.4502000000015,93.69315,63.64315,Mid,calibrated_60pct_condor,0.971,0.5826,0.0006,2.1418,1.9989,3.164,325.5082,92.7511,62.1359
2025-01-24,2025-01-30,23092.2,23249.5,23100,23450,22750,23700,22450,183.39999999999998,95.35,64.55,332.9,95.35,64.55,2.1417,1.9992,3.1644,182.20026,94.29279,62.89279,Mid,calibrated_60pct_condor,0.971,0.5826,0.0006,2.1417,1.9992,3.1644,181.2583,93.3508,61.3856
2025-02-01,2025-02-06,23482.15,23603.35,23500,23800,23200,24050,22900,177.75000000000148,85.5,53.05,281.1,85.5,53.05,2.1107,1.9933,3.1585,176.5813400000015,84.4487,51.3987,Mid,calibrated_60pct_condor,0.971,0.5826,0.0006,2.1107,1.9933,3.1585,175.6393,83.5067,49.8915
2025-02-07,2025-02-13,23559.95,23031.4,23550,23900,23250,24150,23000,-215.59999999999854,-135.09999999999854,-161.19999999999854,303.0,83.5,57.4,2.1238,1.9921,3.1573,-216.78179999999855,-136.15009999999853,-162.85009999999855,Mid,calibrated_60pct_condor,0.971,0.5826,0.0006,2.1238,1.9921,3.1573,-217.7238,-137.0921,-164.3573
2025-02-14,2025-02-20,22929.25,22913.15,22950,23300,22600,23550,22300,290.05000000000143,92.35,62.449999999999996,326.9,92.35,62.449999999999996,2.1381,1.9974,3.1626,288.8538600000014,91.29459,60.79458999999999,Mid,calibrated_60pct_condor,0.971,0.5826,0.0006,2.1381,1.9974,3.1626,287.9119,90.3526,59.2874
2025-02-20,2025-02-27,22913.15,22545.05,22900,23250,22600,23500,22300,-26.700000000000728,46.29999999999927,15.799999999999272,328.25,101.25,70.75,2.1389,2.0027,3.1679,-27.89695000000073,45.239249999999274,14.139249999999272,Mid,calibrated_60pct_condor,0.971,0.5826,0.0006,2.1389,2.0027,3.1679,-28.839,44.2972,12.632
2025-02-28,2025-03-06,22124.7,22544.7,22100,22450,21850,22650,21600,-143.90000000000072,-10.450000000000728,-39.90000000000073,300.8,84.25,54.8,2.1225,1.9926,3.1577,-145.0804800000007,-11.500550000000727,-41.55055000000073,Low,calibrated_60pct_condor,0.971,0.5826,0.0006,2.1225,1.9926,3.1577,-146.0225,-12.4426,-43.0578
2025-03-07,2025-03-13,22552.5,22397.2,22550,22850,22250,23000,22000,119.50000000000068,72.3,44.5,272.29999999999995,72.3,44.5,2.1054,1.9854,3.1506,118.33662000000068,71.25662,42.85662,Low,calibrated_60pct_condor,0.971,0.5826,0.0006,2.1054,1.9854,3.1506,117.3946,70.3146,41.3494
2025-03-13,2025-03-20,22397.2,23190.65,22400,22700,22100,22850,21850,-520.1500000000015,-420.45000000000147,-106.19999999999999,270.5,70.2,43.800000000000004,2.1043,1.9841,3.1493,-521.3123000000014,-421.4921200000015,-107.84212,Low,calibrated_60pct_condor,0.971,0.5826,0.0006,2.1043,1.9841,3.1493,-522.2543,-422.4341,-109.3493
2025-03-21,2025-03-27,23350.4,23591.95,23350,23650,23100,23800,22850,7.149999999999267,67.1,39.949999999999996,249.1,67.1,39.949999999999996,2.0915,1.9823,3.1475,6.000539999999267,66.05973999999999,38.30974,Mid,calibrated_60pct_condor,0.971,0.5826,0.0006,2.0915,1.9823,3.1475,5.0585,65.1177,36.8025
2025-03-27,2025-04-03,23591.95,23250.1,23600,24000,23300,24350,23000,-20.000000000001478,48.69999999999854,14.349999999998538,329.9,98.6,64.25,2.1399,2.0012,3.1664,-21.197940000001477,47.64083999999854,12.690839999998538,Mid,calibrated_60pct_condor,0.971,0.5826,0.0006,2.1399,2.0012,3.1664,-22.1399,46.6988,11.1836
2025-04-03,2025-04-09,23250.1,22399.15,23250,23600,22900,23800,22600,-532.0499999999986,-414.59999999999854,-243.3,318.8,86.25,56.7,2.1333,1.9937,3.1589,-533.2412799999986,-415.6517499999986,-244.95175,Mid,calibrated_60pct_condor,0.971,0.5826,0.0006,2.1333,1.9937,3.1589,-534.1833,-416.5937,-246.459
2025-04-09,2025-04-17,22399.15,23851.65,22400,23050,21700,23400,20900,-833.6500000000015,-624.6500000000015,-239.54999999999995,618.0,177.0,110.45,2.3128,2.0482,3.2134,-835.0208000000015,-625.7562000000014,-241.25619999999995,High,calibrated_60pct_condor,0.971,0.5826,0.0006,2.3128,2.0482,3.2134,-835.9628,-626.6982,-242.7634
2025-04-17,2025-04-24,23851.65,24246.7,23850,24250,23400,24600,22950,-11.950000000000728,111.75,68.45,384.75,111.75,68.45,2.1728,2.009,3.1742,-13.180850000000728,110.68295,66.78295,High,calibrated_60pct_condor,0.971,0.5826,0.0006,2.1728,2.009,3.1742,-14.1229,109.7409,65.2758
2025-04-24,2025-04-30,24246.7,24334.2,24250,24650,23800,24950,23350,307.44999999999925,118.05,75.85,391.65,118.05,75.85,2.177,2.0128,3.178,306.21500999999927,116.97917,74.17917,High,calibrated_60pct_condor,0.971,0.5826,0.0006,2.177,2.0128,3.178,305.273,116.0372,72.672
2025-05-02,2025-05-08,24346.7,24273.8,24350,24650,23900,24950,23400,238.04999999999927,100.0,60.75,314.25,100.0,60.75,2.1305,2.002,3.1672,236.86144999999928,98.94,59.09,High,calibrated_60pct_condor,0.971,0.5826,0.0006,2.1305,2.002,3.1672,235.9194,97.998,57.5828
2025-05-09,2025-05-15,24008.0,25062.1,24000,24450,23400,24750,22600,-610.2499999999985,-467.79999999999853,-210.95000000000005,451.85,144.3,89.05000000000001,2.2131,2.0286,3.1938,-611.5211099999985,-468.88657999999856,-212.63658000000004,High,calibrated_60pct_condor,0.971,0.5826,0.0006,2.2131,2.0286,3.1938,-612.4631,-469.8286,-214.1438
2025-05-16,2025-05-22,25019.8,24609.7,25000,25400,24600,25750,24200,-30.599999999999284,106.9,69.75,359.7,106.9,69.75,2.1578,2.0061,3.1713,-31.815819999999285,105.83586000000001,68.08586,High,calibrated_60pct_condor,0.971,0.5826,0.0006,2.1578,2.0061,3.1713,-32.7578,104.8939,66.5787
2025-05-23,2025-05-29,24853.15,24833.6,24850,25300,24450,25550,24050,389.19999999999857,116.1,75.3,405.6,116.1,75.3,2.1854,2.0117,3.1769,387.9566399999986,115.03034,73.63034,High,calibrated_60pct_condor,0.971,0.5826,0.0006,2.1854,2.0117,3.1769,387.0146,114.0883,72.1231
2025-05-30,2025-06-05,24750.7,24750.9,24750,25200,24350,25500,24050,409.84999999999854,118.3,77.1,410.75,118.3,77.1,2.1885,2.013,3.1782,408.60354999999856,117.22901999999999,75.42902,High,calibrated_60pct_condor,0.971,0.5826,0.0006,2.1885,2.013,3.1782,407.6615,116.287,73.9218
2025-06-06,2025-06-12,25003.05,24888.2,25000,25350,24650,25600,24350,220.1000000000007,99.5,65.15,331.9,99.5,65.15,2.1411,2.0017,3.1669,218.9008600000007,98.4403,63.490300000000005,High,calibrated_60pct_condor,0.971,0.5826,0.0006,2.1411,2.0017,3.1669,217.9589,97.4983,61.9831
2025-06-13,2025-06-19,24718.6,24793.25,24700,25100,24300,25350,23850,265.45,105.95,66.5,358.7,105.95,66.5,2.1572,2.0056,3.1708,264.23478,104.88643,64.83643000000001,Low,calibrated_60pct_condor,0.971,0.5826,0.0006,2.1572,2.0056,3.1708,263.2928,103.9444,63.3292
2025-06-20,2025-06-26,25112.4,25549.0,25100,25450,24750,25650,24300,-141.04999999999995,-8.549999999999997,-42.65,307.95000000000005,90.45,56.35,2.1268,1.9963,3.1615,-142.23476999999994,-9.604269999999998,-44.304269999999995,Low,calibrated_60pct_condor,0.971,0.5826,0.0006,2.1268,1.9963,3.1615,-143.1768,-10.5463,-45.8115
2025-06-27,2025-07-03,25637.8,25405.3,25650,25950,25350,26150,25050,24.499999999999318,80.25,49.6,269.20000000000005,80.25,49.6,2.1035,1.9901,3.1553,23.33847999999932,79.20185,47.95185,Low,calibrated_60pct_condor,0.971,0.5826,0.0006,2.1035,1.9901,3.1553,22.3965,78.2599,46.4447
2025-07-04,2025-07-10,25461.0,25355.25,25450,25800,25200,26000,24900,178.55,79.2,50.45,273.3,79.2,50.45,2.106,1.9895,3.1547,177.38602,78.15248,48.80248,Low,calibrated_60pct_condor,0.971,0.5826,0.0006,2.106,1.9895,3.1547,176.444,77.2105,47.2953
2025-07-11,2025-07-17,25149.85,25111.45,25150,25450,24900,25700,24650,205.8500000000007,73.05,46.449999999999996,244.39999999999998,73.05,46.449999999999996,2.0886,1.9858,3.151,204.7033600000007,72.00617,44.806169999999995,Low,calibrated_60pct_condor,0.971,0.5826,0.0006,2.0886,1.9858,3.151,203.7614,71.0642,43.299
2025-07-18,2025-07-24,24968.4,25062.1,24950,25300,24700,25500,24450,151.80000000000143,72.85,43.39999999999999,263.9,72.85,43.39999999999999,2.1003,1.9857,3.1509,150.64166000000142,71.80628999999999,41.75628999999999,Low,calibrated_60pct_condor,0.971,0.5826,0.0006,2.1003,1.9857,3.1509,149.6997,70.8643,40.2491
2025-07-25,2025-07-31,24837.0,24768.35,24850,25150,24600,25400,24350,156.34999999999854,71.2,44.5,238.0,71.2,44.5,2.0848,1.9847,3.1499,155.20719999999855,70.15728,42.85728,Low,calibrated_60pct_condor,0.971,0.5826,0.0006,2.0848,1.9847,3.1499,154.2652,69.2153,41.3501
2025-08-01,2025-08-07,24565.35,24596.15,24550,24900,24250,25100,23950,248.29999999999853,85.85,54.599999999999994,294.45,85.85,54.599999999999994,2.1187,1.9935,3.1587,247.12332999999853,84.79849,52.94848999999999,Low,calibrated_60pct_condor,0.971,0.5826,0.0006,2.1187,1.9935,3.1587,246.1813,83.8565,51.4413
2025-08-08,2025-08-14,24363.3,24631.3,24350,24700,24100,24900,23850,-18.94999999999925,71.5,44.0,262.35,71.5,44.0,2.0994,1.9849,3.1501,-20.10740999999925,70.4571,42.3571,Low,calibrated_60pct_condor,0.971,0.5826,0.0006,2.0994,1.9849,3.1501,-21.0494,69.5151,40.8499
2025-08-14,2025-08-21,24631.3,25083.75,24650,24950,24350,25200,24000,-150.89999999999998,-45.849999999999994,-73.55,282.85,87.9,60.2,2.1117,1.9947,3.1599,-152.06971,-46.902739999999994,-75.20273999999999,Low,calibrated_60pct_condor,0.971,0.5826,0.0006,2.1117,1.9947,3.1599,-153.0117,-47.8447,-76.7099
2025-08-21,2025-08-28,25083.75,24500.9,25100,25350,24850,25550,24600,-356.9999999999985,-273.94999999999857,-199.05,242.1,75.15,50.95,2.0873,1.9871,3.1523,-358.14525999999853,-274.9950899999986,-200.69509000000002,Low,calibrated_60pct_condor,0.971,0.5826,0.0006,2.0873,1.9871,3.1523,-359.0873,-275.9371,-202.2023
2025-08-26,2025-09-02,24712.05,24579.6,24700,25050,24450,25300,24150,147.59999999999854,77.44999999999999,47.69999999999999,268.0,77.44999999999999,47.69999999999999,2.1028,1.9885,3.1537,146.43919999999855,76.40352999999999,46.05352999999999,Low,calibrated_60pct_condor,0.971,0.5826,0.0006,2.1028,1.9885,3.1537,145.4972,75.4615,44.5463
2025-09-03,2025-09-09,24715.05,24868.6,24700,24950,24500,25150,24250,54.900000000001455,70.19999999999999,47.999999999999986,223.5,70.19999999999999,47.999999999999986,2.0761,1.9841,3.1493,53.76590000000145,69.15787999999999,46.35787999999999,Low,calibrated_60pct_condor,0.971,0.5826,0.0006,2.0761,1.9841,3.1493,52.8239,68.2159,44.8507
2025-09-10,2025-09-16,24973.1,25239.1,24950,25250,24750,25450,24550,-58.54999999999853,61.4,39.25,230.55,61.4,39.25,2.0803,1.9788,3.144,-59.68832999999854,60.36316,37.61316,Low,calibrated_60pct_condor,0.971,0.5826,0.0006,2.0803,1.9788,3.144,-60.6303,59.4212,36.106
2025-09-17,2025-09-23,25330.25,25169.5,25350,25600,25100,25800,24900,38.55000000000001,61.349999999999994,38.89999999999999,219.05,61.349999999999994,38.89999999999999,2.0734,1.9788,3.144,37.41857000000001,60.31318999999999,37.263189999999994,Low,calibrated_60pct_condor,0.971,0.5826,0.0006,2.0734,1.9788,3.144,36.4766,59.3712,35.756
2025-09-24,2025-09-30,25056.9,24611.1,25050,25350,24850,25500,24650,-223.70000000000147,-185.40000000000146,-168.3,215.2,53.5,31.700000000000003,2.0711,1.9741,3.1393,-224.82912000000147,-186.43210000000147,-169.93210000000002,Low,calibrated_60pct_condor,0.971,0.5826,0.0006,2.0711,1.9741,3.1393,-225.7711,-187.3741,-171.4393
2025-09-30,2025-10-07,24611.1,25108.3,24600,24950,24350,25100,24150,-238.1499999999993,-91.94999999999928,-111.55000000000001,270.15,66.35,38.449999999999996,2.1041,1.9818,3.147,-239.3120899999993,-92.98980999999928,-113.18981000000001,Low,calibrated_60pct_condor,0.971,0.5826,0.0006,2.1041,1.9818,3.147,-240.2541,-93.9318,-114.697
2025-10-08,2025-10-14,25046.15,25145.5,25050,25300,24850,25450,24650,107.9,59.95,36.900000000000006,203.4,59.95,36.900000000000006,2.064,1.978,3.1432,106.77796000000001,58.914030000000004,35.264030000000005,Low,calibrated_60pct_condor,0.971,0.5826,0.0006,2.064,1.978,3.1432,105.836,57.972,33.7568
2025-10-14,2025-10-20,25145.5,25843.15,25150,25450,24850,25650,24550,-410.45000000000147,-310.10000000000144,-144.95,282.7,83.05000000000001,55.05000000000001,2.1116,1.9918,3.157,-411.6196200000015,-311.14983000000143,-146.59983,Low,calibrated_60pct_condor,0.971,0.5826,0.0006,2.1116,1.9918,3.157,-412.5616,-312.0918,-148.107
2025-10-21,2025-10-28,25868.6,25936.2,25850,26150,25600,26350,25350,173.29999999999927,76.2,50.550000000000004,259.5,76.2,50.550000000000004,2.0977,1.9877,3.1529,172.14429999999928,75.15428,48.90428000000001,Low,calibrated_60pct_condor,0.971,0.5826,0.0006,2.0977,1.9877,3.1529,171.2023,74.2123,47.3971
2025-10-29,2025-11-04,26053.9,25597.65,26050,26450,25800,26650,25550,-147.89999999999856,-122.34999999999854,-152.14999999999856,304.45,80.0,50.2,2.1247,1.99,3.1552,-149.08266999999856,-123.39799999999855,-153.79799999999855,Low,calibrated_60pct_condor,0.971,0.5826,0.0006,2.1247,1.99,3.1552,-150.0247,-124.34,-155.3052
2025-11-04,2025-11-11,25597.65,25694.95,25600,25950,25300,26150,25050,193.6499999999993,76.6,47.55,288.6,76.6,47.55,2.1152,1.988,3.1532,192.4768399999993,75.55404,45.904039999999995,Low,calibrated_60pct_condor,0.971,0.5826,0.0006,2.1152,1.988,3.1532,191.5348,74.612,44.3968
2025-11-12,2025-11-18,25875.8,25910.05,25900,26200,25600,26400,25300,256.75000000000074,74.85,47.8,266.8,74.85,47.8,2.1021,1.9869,3.1521,255.58992000000075,73.80508999999999,46.155089999999994,Low,calibrated_60pct_condor,0.971,0.5826,0.0006,2.1021,1.9869,3.1521,254.6479,72.8631,44.6479
2025-11-19,2025-11-25,26052.65,25884.8,26050,26350,25750,26600,25500,122.54999999999927,84.3,57.25,287.75,84.3,57.25,2.1147,1.9926,3.1578,121.37734999999927,83.24942,55.59942,Low,calibrated_60pct_condor,0.971,0.5826,0.0006,2.1147,1.9926,3.1578,120.4353,82.3074,54.0922
2025-11-26,2025-12-02,26205.3,26032.2,26200,26500,25950,26700,25650,97.20000000000073,79.4,54.550000000000004,265.0,79.4,54.550000000000004,2.101,1.9896,3.1548,96.04100000000072,78.35236,52.90236,Low,calibrated_60pct_condor,0.971,0.5826,0.0006,2.101,1.9896,3.1548,95.099,77.4104,51.3952
2025-12-03,2025-12-09,25986.0,25839.65,26000,26300,25750,26500,25550,81.85000000000144,64.6,41.099999999999994,242.2,64.6,41.099999999999994,2.0873,1.9808,3.146,80.70468000000145,63.56124,39.46124,Low,calibrated_60pct_condor,0.971,0.5826,0.0006,2.0873,1.9808,3.146,79.7627,62.6192,37.954
2025-12-10,2025-12-16,25758.0,25860.1,25750,26050,25500,26300,25250,148.40000000000146,77.30000000000001,52.40000000000001,258.5,77.30000000000001,52.40000000000001,2.0971,1.9884,3.1536,147.24490000000145,76.25362000000001,50.75362000000001,Low,calibrated_60pct_condor,0.971,0.5826,0.0006,2.0971,1.9884,3.1536,146.3029,75.3116,49.2464
2025-12-17,2025-12-23,25818.55,26177.15,25800,26100,25600,26300,25400,-141.05000000000146,-11.55000000000146,-33.15000000000146,236.1,65.6,43.99999999999999,2.0837,1.9814,3.1466,-142.19166000000146,-12.589360000001461,-34.789360000001466,Low,calibrated_60pct_condor,0.971,0.5826,0.0006,2.0837,1.9814,3.1466,-143.1337,-13.5314,-36.2966
2025-12-23,2025-12-30,26177.15,25938.85,26200,26450,25950,26600,25700,-38.150000000001455,49.599999999998545,28.799999999998544,223.0,60.75,39.95,2.0758,1.9785,3.1436,-39.283800000001456,48.56354999999854,27.163549999998544,Low,calibrated_60pct_condor,0.971,0.5826,0.0006,2.0758,1.9785,3.1436,-40.2258,47.6215,25.6563
2025-12-31,2026-01-06,26129.6,26178.7,26150,26350,25950,26500,25750,171.79999999999927,62.050000000000004,41.800000000000004,200.5,62.050000000000004,41.800000000000004,2.0623,1.9792,3.1444,170.6796999999993,61.01277,40.16277,Low,calibrated_60pct_condor,0.971,0.5826,0.0006,2.0623,1.9792,3.1444,169.7377,60.0708,38.6556
2026-01-07,2026-01-13,26140.75,25732.3,26150,26350,25950,26500,25800,-225.05000000000072,-159.75000000000074,-113.10000000000002,192.65,57.95,36.900000000000006,2.0576,1.9768,3.142,-226.16559000000072,-160.78477000000075,-114.73477000000003,Low,calibrated_60pct_condor,0.971,0.5826,0.0006,2.0576,1.9768,3.142,-227.1076,-161.7268,-116.242
2026-01-13,2026-01-20,25732.3,25232.5,25750,26050,25450,26300,25150,-246.39999999999998,-137.25,-165.25,271.1,80.25,52.25,2.1047,1.9901,3.1553,-247.56265999999997,-138.29815,-166.89815,Low,calibrated_60pct_condor,0.971,0.5826,0.0006,2.1047,1.9901,3.1553,-248.5047,-139.2401,-168.4053
2026-01-20,2026-01-27,25232.5,25175.4,25250,25600,24900,25900,24500,255.90000000000146,102.55,66.15,330.5,102.55,66.15,2.1403,2.0035,3.1687,254.70170000000147,101.48846999999999,64.48847,Low,calibrated_60pct_condor,0.971,0.5826,0.0006,2.1403,2.0035,3.1687,253.7597,100.5465,62.9813
2026-01-29,2026-02-03,25418.9,25727.55,25400,25850,25000,26150,24650,49.55000000000075,103.75,66.05,377.1,103.75,66.05,2.1683,2.0042,3.1694,48.323740000000754,102.68775,64.38775,Mid,calibrated_60pct_condor,0.971,0.5826,0.0006,2.1683,2.0042,3.1694,47.3817,101.7458,62.8805
2026-02-04,2026-02-10,25776.0,25935.15,25800,26150,25400,26450,25000,189.09999999999854,94.55,57.75,324.25,94.55,57.75,2.1365,1.9987,3.1639,187.90544999999855,93.49327,56.09327,High,calibrated_60pct_condor,0.971,0.5826,0.0006,2.1365,1.9987,3.1639,186.9634,92.5513,54.5861
2026-02-11,2026-02-17,25953.85,25725.4,25950,26250,25700,26450,25400,16.950000000001467,70.15,41.0,241.55,70.15,41.0,2.0869,1.9841,3.1493,15.805070000001466,69.10791,39.35791,High,calibrated_60pct_condor,0.971,0.5826,0.0006,2.0869,1.9841,3.1493,14.8631,68.1659,37.8507
2026-02-18,2026-02-24,25819.35,25424.65,25800,26100,25500,26300,25150,-113.94999999999857,1.4495071809506044e-12,-30.14999999999855,261.4,75.35,45.199999999999996,2.0988,1.9872,3.1524,-115.10683999999857,-1.0452099999985505,-31.795209999998548,High,calibrated_60pct_condor,0.971,0.5826,0.0006,2.0988,1.9872,3.1524,-116.0488,-1.9872,-33.3024
2026-02-24,2026-03-02,25424.65,24865.7,25400,25850,25050,26100,24700,-169.19999999999925,-84.84999999999927,-122.94999999999928,365.1,99.45,61.35,2.1611,2.0017,3.1669,-170.41905999999926,-85.90966999999927,-124.60966999999928,High,calibrated_60pct_condor,0.971,0.5826,0.0006,2.1611,2.0017,3.1669,-171.3611,-86.8517,-126.1169
2026-03-04,2026-03-10,24473.95,24286.15,24450,25050,23700,25400,23250,458.9500000000014,185.4,132.95,622.8,185.4,132.95,2.3157,2.0532,3.2184,457.57632000000143,184.28876,131.23875999999998,Mid,calibrated_60pct_condor,0.971,0.5826,0.0006,2.3157,2.0532,3.2184,456.6343,183.3468,129.7316
2026-03-11,2026-03-17,23848.2,23558.8,23850,24450,23150,24850,22550,298.0499999999993,170.14999999999998,107.29999999999998,589.25,170.14999999999998,107.29999999999998,2.2955,2.0441,3.2093,296.6964499999993,169.04790999999997,105.59790999999998,High,calibrated_60pct_condor,0.971,0.5826,0.0006,2.2955,2.0441,3.2093,295.7544,168.1059,104.0907
2026-03-18,2026-03-24,23764.1,22958.4,23750,24200,23250,24500,22700,-372.39999999999856,-166.89999999999856,-213.94999999999857,419.2,124.7,77.65,2.1935,2.0168,3.182,-373.6515199999986,-167.97481999999854,-215.62481999999858,High,calibrated_60pct_condor,0.971,0.5826,0.0006,2.1935,2.0168,3.182,-374.5935,-168.9168,-217.132
2026-03-23,2026-03-30,22492.65,22379.2,22500,23350,21500,23900,20850,730.3500000000007,239.14999999999998,139.09999999999997,851.15,239.14999999999998,139.09999999999997,2.4527,2.0855,3.2507,728.8393100000008,238.00651,137.35650999999996,High,calibrated_60pct_condor,0.971,0.5826,0.0006,2.4527,2.0855,3.2507,727.8973,237.0645,135.8493
2026-03-30,2026-04-07,22379.2,23129.95,22400,23200,21500,23750,21400,39.899999999999295,212.15,152.25,769.85,212.15,152.25,2.4039,2.0693,3.2345,38.43808999999929,211.02271000000002,150.52271,High,calibrated_60pct_condor,0.971,0.5826,0.0006,2.4039,2.0693,3.2345,37.4961,210.0807,149.0155
2026-04-07,2026-04-13,23129.95,23818.9,23150,23800,22350,24150,21650,8.449999999998568,180.54999999999853,111.59999999999853,677.35,199.45,130.5,2.3484,2.0617,3.2269,7.043589999998567,179.43032999999852,109.88032999999854,High,calibrated_60pct_condor,0.971,0.5826,0.0006,2.3484,2.0617,3.2269,6.1016,178.4883,108.3731
2026-04-15,2026-04-21,24211.9,24580.6,24200,24650,23700,24950,23300,62.8500000000015,127.25,83.9,443.45000000000005,127.25,83.9,2.2081,2.0183,3.1835,61.5839300000015,126.17365,82.22365,High,calibrated_60pct_condor,0.971,0.5826,0.0006,2.2081,2.0183,3.1835,60.6419,125.2317,80.7165
2026-04-22,2026-04-28,24367.65,24016.5,24350,24850,23900,25150,23550,101.64999999999998,118.55000000000001,76.80000000000001,435.15,118.55000000000001,76.80000000000001,2.2031,2.0131,3.1783,100.38890999999998,117.47887000000001,75.12887,High,calibrated_60pct_condor,0.971,0.5826,0.0006,2.2031,2.0131,3.1783,99.4469,116.5369,73.6217
2026-04-28,2026-05-05,24016.5,24052.15,24000,24500,23550,24800,23200,365.04999999999853,112.8,73.1,417.2,112.8,73.1,2.1923,2.0097,3.1749,363.79967999999855,111.73232,71.43231999999999,High,calibrated_60pct_condor,0.971,0.5826,0.0006,2.1923,2.0097,3.1749,362.8577,110.7903,69.9251
