date,open,high,low,close,volume,oi
2024-11-01T00:00:00+05:30,84.135,84.165,84.13,84.14,1065,0
2024-11-04T00:00:00+05:30,84.1425,84.1925,84.135,84.18,260194,0
2024-11-05T00:00:00+05:30,84.19,84.195,84.1675,84.17,601666,0
2024-11-06T00:00:00+05:30,84.19,84.61,84.19,84.3775,644262,0
2024-11-07T00:00:00+05:30,84.335,84.435,84.335,84.405,467198,0
2024-11-08T00:00:00+05:30,84.4,84.4375,84.4,84.4325,567888,0
2024-11-11T00:00:00+05:30,84.44,84.4425,84.4,84.4325,557583,0
2024-11-12T00:00:00+05:30,84.435,84.4575,84.41,84.4225,812784,0
2024-11-13T00:00:00+05:30,84.4275,84.4425,84.4075,84.4325,96956,0
2024-11-14T00:00:00+05:30,84.44,84.51,84.43,84.505,129498,0
2024-11-18T00:00:00+05:30,84.44,84.475,84.4025,84.44,136274,0
2024-11-19T00:00:00+05:30,84.42,84.47,84.415,84.45,166665,0
2024-11-21T00:00:00+05:30,84.4375,84.535,84.425,84.53,201938,0
2024-11-22T00:00:00+05:30,84.51,84.515,84.41,84.43,186364,0
2024-11-25T00:00:00+05:30,84.4,84.4,84.2525,84.31,873491,0
2024-11-26T00:00:00+05:30,84.28,84.3475,84.2225,84.3025,1118339,0
2024-11-27T00:00:00+05:30,84.39,84.475,84.39,84.47,396139,0
2024-11-28T00:00:00+05:30,84.5525,84.63,84.5525,84.595,1323906,0
2024-11-29T00:00:00+05:30,84.62,84.71,84.6,84.665,962535,0
2024-12-02T00:00:00+05:30,84.7075,84.855,84.7,84.8375,1835439,0
2024-12-03T00:00:00+05:30,84.9,84.9,84.755,84.8025,465946,0
2024-12-04T00:00:00+05:30,84.81,84.8775,84.765,84.87,141281,0
2024-12-05T00:00:00+05:30,84.865,84.865,84.795,84.8175,169605,0
2024-12-06T00:00:00+05:30,84.78,84.7975,84.5725,84.79,303893,0
2024-12-09T00:00:00+05:30,84.7975,84.8375,84.78,84.83,139490,0
2024-12-10T00:00:00+05:30,84.86,84.97,84.86,84.9575,613369,0
2024-12-11T00:00:00+05:30,84.96,84.98,84.9175,84.9575,694513,0
2024-12-12T00:00:00+05:30,84.9475,84.98,84.935,84.9725,481806,0
2024-12-13T00:00:00+05:30,84.98,84.98,84.8575,84.8775,160153,0
2024-12-16T00:00:00+05:30,84.88,85.0475,84.87,85.0075,353102,0
2024-12-17T00:00:00+05:30,85.03,85.05,84.975,84.9975,163154,0
2024-12-18T00:00:00+05:30,85,85.8125,84.9925,85.015,549189,0
2024-12-19T00:00:00+05:30,85.225,85.75,85.1,85.185,635726,0
2024-12-20T00:00:00+05:30,85.18,85.18,85.005,85.0225,362444,0
2024-12-23T00:00:00+05:30,85.075,85.17,85.01,85.145,1022161,0
2024-12-24T00:00:00+05:30,85.1525,85.245,85.15,85.21,1477899,0
2024-12-26T00:00:00+05:30,85.2575,85.2925,85.15,85.28,1269739,0
2024-12-27T00:00:00+05:30,85.29,86.62,85.29,85.6675,761510,0
2024-12-30T00:00:00+05:30,85.7175,85.8375,85.685,85.775,310508,0
2024-12-31T00:00:00+05:30,85.79,85.905,85.75,85.88,480092,0
2025-01-01T00:00:00+05:30,85.88,85.92,85.6825,85.8475,200251,0
2025-01-02T00:00:00+05:30,85.86,86,85.84,85.94,661176,0
2025-01-03T00:00:00+05:30,85.975,85.99,85.9,85.9575,402978,0
2025-01-06T00:00:00+05:30,86.04,86.85,85.8825,85.9325,366166,0
2025-01-07T00:00:00+05:30,85.845,85.95,85.8225,85.91,195787,0
2025-01-08T00:00:00+05:30,85.9725,86.085,85.96,86.07,496411,0
2025-01-09T00:00:00+05:30,86.085,86.3025,86.0225,86.0325,333763,0
2025-01-10T00:00:00+05:30,86.025,86.1775,86.01,86.1625,698866,0
2025-01-13T00:00:00+05:30,86.3,86.7975,86.3,86.7525,1032205,0
2025-01-14T00:00:00+05:30,86.7525,86.8625,86.585,86.6975,716743,0
2025-01-15T00:00:00+05:30,86.665,86.6675,86.415,86.5025,502585,0
2025-01-16T00:00:00+05:30,86.5025,86.68,86.45,86.6725,409144,0
2025-01-17T00:00:00+05:30,86.6725,86.6975,86.62,86.6725,496435,0
2025-01-20T00:00:00+05:30,86.6425,86.6475,86.5325,86.6325,553645,0
2025-01-21T00:00:00+05:30,86.4975,86.69,86.36,86.675,432511,0
2025-01-22T00:00:00+05:30,86.64,86.645,86.3275,86.3975,247973,0
2025-01-23T00:00:00+05:30,86.4125,86.5475,86.41,86.47,339177,0
2025-01-24T00:00:00+05:30,86.37,86.37,86.19,86.2675,642059,0
2025-01-27T00:00:00+05:30,86.36,86.4675,86.285,86.31,1041033,0
2025-01-28T00:00:00+05:30,86.42,86.59,86.42,86.575,1038602,0
2025-01-29T00:00:00+05:30,86.5725,86.62,86.5725,86.5875,998052,0
2025-01-30T00:00:00+05:30,86.71,86.8025,86.7,86.79,226265,0
2025-01-31T00:00:00+05:30,86.835,86.835,86.74,86.7875,561506,0
2025-02-03T00:00:00+05:30,86.8725,87.485,86.8725,87.3325,259095,0
2025-02-04T00:00:00+05:30,87.22,87.3,87.175,87.24,288303,0
2025-02-05T00:00:00+05:30,87.28,87.6475,87.2625,87.5625,631858,0
2025-02-06T00:00:00+05:30,87.65,87.72,87.6325,87.69,604658,0
2025-02-07T00:00:00+05:30,87.6,87.615,87.42,87.58,250779,0
2025-02-10T00:00:00+05:30,87.7975,88.12,87.4,87.585,1063708,0
2025-02-11T00:00:00+05:30,87.57,87.57,86.58,86.9475,989956,0
2025-02-12T00:00:00+05:30,86.55,87.075,86.55,87.045,283418,0
2025-02-13T00:00:00+05:30,86.89,87.04,86.85,87.005,275963,0
2025-02-14T00:00:00+05:30,86.965,86.9775,86.8,86.8825,246723,0
2025-02-17T00:00:00+05:30,86.8,86.9775,86.7375,86.95,123571,0
2025-02-18T00:00:00+05:30,86.95,87.0375,86.95,87.0075,483731,0
2025-02-20T00:00:00+05:30,86.985,86.985,86.6,86.665,312184,0
2025-02-21T00:00:00+05:30,86.62,86.78,86.46,86.675,286071,0
2025-02-24T00:00:00+05:30,86.62,86.75,86.57,86.7175,1190317,0
2025-02-25T00:00:00+05:30,86.81,87.1425,86.81,87.0225,215066,0
2025-02-27T00:00:00+05:30,87.38,87.575,87.05,87.3275,509694,0
2025-02-28T00:00:00+05:30,87.15,87.6775,87.15,87.55,722050,0
2025-03-03T00:00:00+05:30,87.53,87.55,87.385,87.4675,515769,0
2025-03-04T00:00:00+05:30,87.5075,87.56,87.385,87.425,368559,0
2025-03-05T00:00:00+05:30,87.35,87.35,87.07,87.18,244518,0
2025-03-06T00:00:00+05:30,87.08,87.255,86.95,87.21,191005,0
2025-03-07T00:00:00+05:30,87.4,87.4,86.975,87.0525,187808,0
2025-03-10T00:00:00+05:30,87.1625,87.485,87.1625,87.46,271798,0
2025-03-11T00:00:00+05:30,87.47,87.51,87.27,87.315,247900,0
2025-03-12T00:00:00+05:30,87.35,87.39,87.26,87.32,194098,0
2025-03-13T00:00:00+05:30,87.315,87.315,87.0175,87.1325,178307,0
2025-03-17T00:00:00+05:30,87,87.09,86.83,86.87,181374,0
2025-03-18T00:00:00+05:30,86.82,86.84,86.6075,86.6275,116567,0
2025-03-19T00:00:00+05:30,86.64,86.73,86.42,86.4475,233388,0
2025-03-20T00:00:00+05:30,86.435,86.5075,86.2325,86.385,360897,0
2025-03-21T00:00:00+05:30,86.265,86.3325,85.95,86.005,378174,0
2025-03-24T00:00:00+05:30,86.015,86.025,85.5,85.615,727372,0
2025-03-25T00:00:00+05:30,85.2,85.825,85.2,85.7075,727202,0
2025-03-26T00:00:00+05:30,85.7075,85.88,85.68,85.865,550642,0
2025-03-27T00:00:00+05:30,86.1025,86.14,85.9525,85.9725,287955,0
2025-03-28T00:00:00+05:30,85.87,85.96,85.615,85.695,350635,0
2025-04-02T00:00:00+05:30,85.7325,85.94,85.69,85.7275,339985,0
2025-04-03T00:00:00+05:30,85.73,85.9475,85.45,85.6125,339602,0
2025-04-04T00:00:00+05:30,85.52,85.545,85.13,85.505,334598,0
2025-04-07T00:00:00+05:30,85.72,86.0725,85.72,85.99,358303,0
2025-04-08T00:00:00+05:30,85.93,86.445,85.93,86.4,367227,0
2025-04-09T00:00:00+05:30,86.48,86.9,86.48,86.84,399723,0
2025-04-11T00:00:00+05:30,86.5,86.5,86.035,86.205,398249,0
2025-04-15T00:00:00+05:30,86.205,86.205,85.675,85.865,311344,0
2025-04-16T00:00:00+05:30,85.7,85.785,85.575,85.7275,274355,0
2025-04-17T00:00:00+05:30,85.715,85.715,85.365,85.445,414659,0
2025-04-21T00:00:00+05:30,85.2,85.2175,85.075,85.185,374087,0
2025-04-22T00:00:00+05:30,85.185,85.2525,85.1,85.235,309487,0
2025-04-23T00:00:00+05:30,85.29,85.55,85.29,85.465,460101,0
2025-04-24T00:00:00+05:30,85.55,85.69,85.265,85.32,333258,0
2025-04-25T00:00:00+05:30,85.22,85.69,85.09,85.4425,475449,0
2025-04-28T00:00:00+05:30,85.35,85.4375,85.16,85.1875,342690,0
2025-04-29T00:00:00+05:30,85.2825,85.6,85.16,85.415,240130,0
2025-04-30T00:00:00+05:30,85.39,85.4,84.6375,84.68,402161,0
2025-05-02T00:00:00+05:30,84.68,84.7,83.9,84.59,486649,0
2025-05-05T00:00:00+05:30,85,85.3,84.25,84.3925,350329,0
2025-05-06T00:00:00+05:30,84.5,84.765,84.4,84.51,331372,0
2025-05-07T00:00:00+05:30,84.62,85.0375,84.6,84.8925,267386,0
2025-05-08T00:00:00+05:30,84.84,85.8875,84.62,85.6225,504532,0
2025-05-09T00:00:00+05:30,85.85,86,85.43,85.515,436639,0
2025-05-13T00:00:00+05:30,84.75,85.55,84.72,85.36,301718,0
2025-05-14T00:00:00+05:30,85.25,85.585,85.14,85.375,315256,0
2025-05-15T00:00:00+05:30,85.38,85.79,85.38,85.545,273606,0
2025-05-16T00:00:00+05:30,85.5,85.75,85.35,85.6175,244034,0
2025-05-19T00:00:00+05:30,85.52,85.67,85.39,85.4625,339788,0
2025-05-20T00:00:00+05:30,85.5225,85.68,85.42,85.6275,329839,0
2025-05-21T00:00:00+05:30,85.635,85.72,85.55,85.585,178737,0
2025-05-22T00:00:00+05:30,85.59,86.1325,85.58,85.99,314301,0
2025-05-23T00:00:00+05:30,86,86.05,85.13,85.345,352391,0
2025-05-26T00:00:00+05:30,85.14,85.185,84.795,85.125,341954,0
2025-05-27T00:00:00+05:30,85.15,85.46,85.145,85.385,495570,0
2025-05-28T00:00:00+05:30,85.63,85.71,85.575,85.685,229974,0
2025-05-29T00:00:00+05:30,85.63,85.76,85.53,85.6425,222885,0
2025-05-30T00:00:00+05:30,85.57,85.77,85.3575,85.6925,316192,0
2025-06-02T00:00:00+05:30,85.69,85.69,85.43,85.5325,318333,0
2025-06-03T00:00:00+05:30,85.6,85.755,85.55,85.735,159672,0
2025-06-04T00:00:00+05:30,88.3075,88.3075,85.7525,85.9825,223057,0
2025-06-05T00:00:00+05:30,86,86.0425,85.75,85.89,157414,0
2025-06-06T00:00:00+05:30,85.95,86.08,85.695,85.7475,150046,0
2025-06-09T00:00:00+05:30,85.72,85.775,85.535,85.7175,135189,0
2025-06-10T00:00:00+05:30,85.715,85.74,85.57,85.645,157415,0
2025-06-11T00:00:00+05:30,85.6,85.62,85.48,85.57,171481,0
2025-06-12T00:00:00+05:30,85.48,85.7,85.47,85.57,202595,0
2025-06-13T00:00:00+05:30,86,86.25,85.985,86.1575,263660,0
2025-06-16T00:00:00+05:30,86.22,86.2875,85.9725,86.09,193080,0
2025-06-17T00:00:00+05:30,86.09,86.315,85.935,86.275,151286,0
2025-06-18T00:00:00+05:30,86.29,86.6,86.275,86.5075,164878,0
2025-06-19T00:00:00+05:30,86.55,86.93,86.5075,86.77,177600,0
2025-06-20T00:00:00+05:30,86.7,86.7,86.565,86.6675,167800,0
2025-06-23T00:00:00+05:30,86.75,86.89,86.68,86.7925,230157,0
2025-06-24T00:00:00+05:30,86.565,86.595,85.93,86.0725,421518,0
2025-06-25T00:00:00+05:30,86.0725,86.14,85.815,86.08,376352,0
2025-06-26T00:00:00+05:30,85.875,85.99,85.7,85.7575,197959,0
2025-06-27T00:00:00+05:30,85.75,85.7675,85.55,85.6175,193729,0
2025-06-30T00:00:00+05:30,85.6,85.9225,85.55,85.8725,169407,0
2025-07-01T00:00:00+05:30,85.75,85.775,85.5775,85.6275,181209,0
2025-07-02T00:00:00+05:30,85.61,85.8475,85.58,85.7375,146634,0
2025-07-03T00:00:00+05:30,85.7775,85.7975,85.3,85.4225,226459,0
2025-07-04T00:00:00+05:30,85.48,85.5775,85.39,85.47,132408,0
2025-07-07T00:00:00+05:30,85.55,86.1,85.55,85.965,261735,0
2025-07-08T00:00:00+05:30,85.81,85.87,85.7,85.7625,113288,0
2025-07-09T00:00:00+05:30,85.89,85.995,85.725,85.7725,177988,0
2025-07-10T00:00:00+05:30,85.76,85.7725,85.5825,85.76,147553,0
2025-07-11T00:00:00+05:30,85.8,85.97,85.8,85.84,170138,0
2025-07-14T00:00:00+05:30,85.9,86.1,85.84,86.02,128823,0
2025-07-15T00:00:00+05:30,86.065,86.09,85.7825,85.885,137496,0
2025-07-16T00:00:00+05:30,85.95,86.0875,85.79,86.005,142345,0
2025-07-17T00:00:00+05:30,85.95,86.165,85.84,86.1475,126727,0
2025-07-18T00:00:00+05:30,86.06,86.265,86.0075,86.17,163413,0
2025-07-21T00:00:00+05:30,86.5,86.5,86.1425,86.3325,143729,0
2025-07-22T00:00:00+05:30,86.3,86.4525,86.24,86.4475,131361,0
2025-07-23T00:00:00+05:30,86.44,86.49,86.3625,86.46,132559,0
2025-07-24T00:00:00+05:30,86.345,86.45,86.255,86.4225,137866,0
2025-07-25T00:00:00+05:30,86.55,86.6475,86.48,86.5625,262885,0
2025-07-28T00:00:00+05:30,87,87,86.4,86.6975,455863,0
2025-07-29T00:00:00+05:30,86.71,86.925,86.71,86.8225,197744,0
2025-07-30T00:00:00+05:30,87.16,87.65,87.08,87.555,221429,0
2025-07-31T00:00:00+05:30,87.75,87.88,87.62,87.755,170765,0
2025-08-01T00:00:00+05:30,87.78,87.78,87.3225,87.5975,179674,0
2025-08-04T00:00:00+05:30,87.38,87.82,87.3,87.73,119039,0
2025-08-05T00:00:00+05:30,87.85,87.98,87.8325,87.8725,127150,0
2025-08-06T00:00:00+05:30,87.8725,87.88,87.71,87.83,131191,0
2025-08-07T00:00:00+05:30,87.765,87.8375,87.42,87.58,118205,0
2025-08-08T00:00:00+05:30,87.58,87.815,87.56,87.7,144859,0
2025-08-11T00:00:00+05:30,87.58,87.8,87.53,87.78,67957,0
2025-08-12T00:00:00+05:30,87.77,87.805,87.65,87.7875,127202,0
2025-08-13T00:00:00+05:30,87.73,87.775,87.4,87.51,191511,0
2025-08-14T00:00:00+05:30,87.51,87.7125,87.42,87.6175,114291,0
2025-08-18T00:00:00+05:30,87.55,87.57,87.35,87.405,112770,0
2025-08-19T00:00:00+05:30,87.37,87.395,86.95,87.0525,187855,0
2025-08-20T00:00:00+05:30,87.1,87.22,87.01,87.0925,107792,0
2025-08-21T00:00:00+05:30,87.09,87.2975,86.94,87.265,142805,0
2025-08-22T00:00:00+05:30,87.28,87.555,87.28,87.52,146532,0
2025-08-25T00:00:00+05:30,87.52,87.6225,87.3425,87.57,378414,0
2025-08-26T00:00:00+05:30,87.57,87.8,87.4,87.75,267392,0
2025-08-28T00:00:00+05:30,87.7,87.81,87.65,87.7025,173332,0
2025-08-29T00:00:00+05:30,87.78,88.4175,87.78,88.2975,690991,0
2025-09-01T00:00:00+05:30,88.2,88.4225,88.2,88.315,502973,0
2025-09-02T00:00:00+05:30,88.3,88.3,87.9325,88.2625,197772,0
2025-09-03T00:00:00+05:30,88.265,88.4,88.065,88.1425,98020,0
2025-09-04T00:00:00+05:30,88.11,88.2675,88.06,88.2175,155835,0
2025-09-05T00:00:00+05:30,88.1,88.45,88.1,88.3325,462195,0
2025-09-09T00:00:00+05:30,88.2,88.26,88.01,88.225,178784,0
2025-09-10T00:00:00+05:30,88.22,88.27,88.1275,88.2,115299,0
2025-09-11T00:00:00+05:30,88.25,88.55,88.18,88.5025,199405,0
2025-09-12T00:00:00+05:30,88.3,88.495,88.28,88.32,88687,0
2025-09-15T00:00:00+05:30,88.3,88.37,88.1825,88.235,139676,0
2025-09-16T00:00:00+05:30,88.2325,88.2325,88.05,88.135,153196,0
2025-09-17T00:00:00+05:30,87.98,88.06,87.77,87.8825,135500,0
2025-09-18T00:00:00+05:30,87.95,88.19,87.78,88.145,125295,0
2025-09-19T00:00:00+05:30,88.28,88.3575,88.085,88.155,124303,0
2025-09-22T00:00:00+05:30,88.2,88.3775,88.14,88.305,144076,0
2025-09-23T00:00:00+05:30,88.315,88.815,88.315,88.7475,339175,0
2025-09-24T00:00:00+05:30,88.8,88.81,88.6525,88.7325,472639,0
2025-09-25T00:00:00+05:30,88.68,88.7175,88.61,88.7075,284362,0
2025-09-26T00:00:00+05:30,88.7,88.7775,88.6625,88.7225,220541,0
2025-09-29T00:00:00+05:30,88.895,88.95,88.71,88.905,698666,0
2025-09-30T00:00:00+05:30,88.88,88.985,88.83,88.97,687047,0
2025-10-01T00:00:00+05:30,88.9025,88.95,88.765,88.8175,194321,0
2025-10-03T00:00:00+05:30,88.8075,88.9025,88.7875,88.885,378747,0
2025-10-06T00:00:00+05:30,88.855,88.94,88.84,88.9175,416073,0
2025-10-07T00:00:00+05:30,88.86,88.875,88.8025,88.8675,122135,0
2025-10-08T00:00:00+05:30,88.8675,88.8875,88.835,88.8475,399054,0
2025-10-09T00:00:00+05:30,88.835,88.88,88.825,88.8725,484001,0
2025-10-10T00:00:00+05:30,88.865,88.87,88.57,88.795,204272,0
2025-10-13T00:00:00+05:30,88.8025,88.8675,88.62,88.7475,243288,0
2025-10-14T00:00:00+05:30,88.62,88.88,88.62,88.8675,395102,0
2025-10-15T00:00:00+05:30,88.85,88.85,87.75,88.1075,467001,0
2025-10-16T00:00:00+05:30,88,88,87.7325,87.94,182148,0
2025-10-17T00:00:00+05:30,87.8425,88.2,87.76,88.0725,312670,0
2025-10-20T00:00:00+05:30,88.035,88.035,87.7525,87.925,101497,0
2025-10-21T00:00:00+05:30,87.9975,88.065,87.9975,88.0475,17313,0
2025-10-23T00:00:00+05:30,87.895,87.97,87.8375,87.89,177325,0
2025-10-24T00:00:00+05:30,87.87,87.87,87.6325,87.815,222331,0
2025-10-27T00:00:00+05:30,87.94,88.3175,87.57,88.235,744293,0
2025-10-28T00:00:00+05:30,88.3025,88.43,88.23,88.29,741272,0
2025-10-29T00:00:00+05:30,88.26,88.345,88.15,88.2725,212793,0
2025-10-30T00:00:00+05:30,88.41,88.875,88.41,88.82,517447,0
2025-10-31T00:00:00+05:30,88.815,88.9,88.7,88.8175,322944,0
2025-11-03T00:00:00+05:30,88.805,88.9125,88.805,88.8775,365120,0
2025-11-04T00:00:00+05:30,88.75,88.81,88.5,88.7875,348627,0
2025-11-06T00:00:00+05:30,88.7,88.8,88.635,88.705,177006,0
2025-11-07T00:00:00+05:30,88.7075,88.79,88.68,88.7425,271611,0
2025-11-10T00:00:00+05:30,88.74,88.8,88.72,88.79,166354,0
2025-11-11T00:00:00+05:30,88.7775,88.79,88.5875,88.6425,140371,0
2025-11-12T00:00:00+05:30,88.635,88.715,88.6225,88.695,114332,0
2025-11-13T00:00:00+05:30,88.64,88.775,88.64,88.745,259285,0
2025-11-14T00:00:00+05:30,88.745,88.795,88.7325,88.76,295116,0
2025-11-17T00:00:00+05:30,88.7625,88.86,88.6025,88.6675,355358,0
2025-11-18T00:00:00+05:30,88.6675,88.73,88.615,88.6225,154962,0
2025-11-19T00:00:00+05:30,88.63,88.635,88.445,88.6025,207569,0
2025-11-20T00:00:00+05:30,88.595,88.755,88.595,88.7325,211956,0
2025-11-21T00:00:00+05:30,88.71,89.7,88.61,89.5825,511625,0
2025-11-24T00:00:00+05:30,89.555,89.58,89.07,89.1575,403877,0
2025-11-25T00:00:00+05:30,89.1575,89.27,89.03,89.21,490605,0
2025-11-26T00:00:00+05:30,89.225,89.29,89.17,89.2625,254353,0
2025-11-27T00:00:00+05:30,89.41,89.495,89.34,89.4825,252549,0
2025-11-28T00:00:00+05:30,89.49,89.63,89.49,89.575,734663,0
2025-12-01T00:00:00+05:30,89.575,89.9475,89.55,89.6775,266947,0
2025-12-02T00:00:00+05:30,89.735,90.145,89.45,90.115,187664,0
2025-12-03T00:00:00+05:30,90.1025,92.0175,90.1,90.35,271459,0
2025-12-04T00:00:00+05:30,90.345,90.8525,90.01,90.035,228084,0
2025-12-05T00:00:00+05:30,90.01,90.22,89.83,90.1175,208670,0
2025-12-08T00:00:00+05:30,90.16,90.43,90.16,90.265,176547,0
2025-12-09T00:00:00+05:30,90.265,90.32,89.985,90.035,199783,0
2025-12-10T00:00:00+05:30,90.09,90.21,89.9025,90.1225,154027,0
2025-12-11T00:00:00+05:30,90.125,90.605,90.075,90.435,270185,0
2025-12-12T00:00:00+05:30,90.415,90.67,90.38,90.59,193466,0
2025-12-15T00:00:00+05:30,90.735,90.89,90.6025,90.8575,395920,0
2025-12-16T00:00:00+05:30,90.9,91.1925,90.855,91.05,192080,0
2025-12-17T00:00:00+05:30,91.1,91.2,89.73,90.5025,901233,0
2025-12-18T00:00:00+05:30,90.5,90.5275,90.1,90.3375,161878,0
2025-12-19T00:00:00+05:30,90.3,90.3625,89.2825,89.725,477593,0
2025-12-22T00:00:00+05:30,89.7,89.81,89.425,89.7525,290523,0
2025-12-23T00:00:00+05:30,89.7525,89.925,89.62,89.6525,364116,0
2025-12-24T00:00:00+05:30,89.65,89.84,89.52,89.78,286798,0
2025-12-26T00:00:00+05:30,89.79,89.94,89.605,89.89,584041,0
2025-12-29T00:00:00+05:30,89.8875,90,89.8125,89.955,348512,0
2025-12-30T00:00:00+05:30,90.36,90.36,89.985,90.07,212683,0
2025-12-31T00:00:00+05:30,90.0975,90.2,90.035,90.145,204273,0
2026-01-01T00:00:00+05:30,90.155,90.155,89.95,90.1375,461488,0
2026-01-02T00:00:00+05:30,90.1375,90.39,90.07,90.3325,474499,0
2026-01-05T00:00:00+05:30,90.34,90.435,90.33,90.4075,337231,0
2026-01-06T00:00:00+05:30,90.4025,90.4025,90.2125,90.26,227382,0
2026-01-07T00:00:00+05:30,90.25,90.3475,89.75,90.0375,173362,0
2026-01-08T00:00:00+05:30,90.0375,90.255,89.85,90.0475,207817,0
2026-01-09T00:00:00+05:30,90.03,90.355,90,90.27,173419,0
2026-01-12T00:00:00+05:30,90.29,90.35,90.2,90.25,118744,0
2026-01-13T00:00:00+05:30,90.25,90.3675,90.25,90.2725,316197,0
2026-01-14T00:00:00+05:30,90.26,90.43,90.02,90.415,145751,0
2026-01-16T00:00:00+05:30,90.5,91,90.335,90.8625,334676,0
2026-01-19T00:00:00+05:30,90.8,91.0475,90.66,90.9875,326754,0
2026-01-20T00:00:00+05:30,90.25,91.0975,90.25,91.005,489071,0
2026-01-21T00:00:00+05:30,91.05,91.81,91.05,91.6975,346003,0
2026-01-22T00:00:00+05:30,91.55,91.69,91.48,91.6475,421129,0
2026-01-23T00:00:00+05:30,91.56,92.0125,91.4175,91.8625,360138,0
2026-01-27T00:00:00+05:30,91.8625,91.9,91.59,91.67,364247,0
2026-01-28T00:00:00+05:30,91.63,91.8,91.5,91.73,238816,0
2026-01-29T00:00:00+05:30,92.085,92.19,91.93,92.16,656973,0
2026-01-30T00:00:00+05:30,92.16,92.85,91.98,92.0425,540674,0
2026-02-02T00:00:00+05:30,92.0425,92.0425,91.535,91.6525,294262,0
2026-02-03T00:00:00+05:30,91.2,91.2,90.14,90.345,422093,0
2026-02-04T00:00:00+05:30,90.4,90.65,90.355,90.5775,224585,0
2026-02-05T00:00:00+05:30,90.6,90.61,90.15,90.3975,208876,0
2026-02-06T00:00:00+05:30,90.32,90.93,90.2425,90.73,228210,0
2026-02-09T00:00:00+05:30,90.58,90.83,90.44,90.7725,149132,0
2026-02-10T00:00:00+05:30,90.75,90.8375,90.525,90.62,131500,0
2026-02-11T00:00:00+05:30,90.57,90.815,90.5,90.7275,170119,0
2026-02-12T00:00:00+05:30,90.62,90.695,90.47,90.63,138510,0
2026-02-13T00:00:00+05:30,90.6775,90.79,90.635,90.7025,457674,0
2026-02-16T00:00:00+05:30,90.7025,90.75,90.65,90.7275,218306,0
2026-02-17T00:00:00+05:30,90.7225,90.81,90.625,90.705,473533,0
2026-02-18T00:00:00+05:30,90.71,90.7275,90.6075,90.7025,358023,0
2026-02-20T00:00:00+05:30,90.8,91.02,90.8,90.9625,548993,0
2026-02-23T00:00:00+05:30,90.8,90.9175,90.68,90.895,478530,0
2026-02-24T00:00:00+05:30,90.92,90.98,90.8925,90.9275,507524,0
2026-02-25T00:00:00+05:30,90.91,90.98,90.8825,90.955,302678,0
2026-02-26T00:00:00+05:30,91.085,91.085,90.9525,91.05,178876,0
2026-02-27T00:00:00+05:30,91.05,91.2,91.03,91.1675,390620,0
2026-03-02T00:00:00+05:30,91.23,91.7,91.2,91.6425,925472,0
2026-03-04T00:00:00+05:30,91.3,92.46,91.3,92.2,1114792,0
2026-03-05T00:00:00+05:30,92,92,91.51,91.7075,1109742,0
2026-03-06T00:00:00+05:30,91.7,91.885,91.7,91.855,695703,0
2026-03-09T00:00:00+05:30,91.9,92.4975,91.9,92.455,559684,0
2026-03-10T00:00:00+05:30,92.5,92.5,91.76,91.975,280957,0
2026-03-11T00:00:00+05:30,91.98,92.17,91.91,92.05,436989,0
2026-03-12T00:00:00+05:30,92.2,92.46,91.91,92.2625,468331,0
2026-03-13T00:00:00+05:30,92.35,92.55,92.35,92.4275,582467,0
2026-03-16T00:00:00+05:30,92.5,92.54,92.33,92.3725,308032,0
2026-03-17T00:00:00+05:30,92.33,92.5225,92.2,92.46,247514,0
2026-03-18T00:00:00+05:30,92.4575,92.8025,92.425,92.6925,377308,0
2026-03-20T00:00:00+05:30,92.82,93.8675,92.5,93.61,381372,0
2026-03-23T00:00:00+05:30,93.79,94.19,93.31,93.5625,388768,0
2026-03-24T00:00:00+05:30,93.59,93.91,93.5225,93.7525,1224806,0
2026-03-25T00:00:00+05:30,93.85,94,93.75,93.955,311137,0
2026-03-27T00:00:00+05:30,94.2925,95.18,94.2925,95.0625,768294,0
2026-03-30T00:00:00+05:30,94.15,95.6775,94.025,95.0225,351379,0
2026-04-02T00:00:00+05:30,94.3,94.6,93.15,93.675,569664,0
2026-04-06T00:00:00+05:30,93.3,93.69,93.3,93.4,480113,0
2026-04-07T00:00:00+05:30,93.32,93.53,93.32,93.49,190212,0
2026-04-08T00:00:00+05:30,93.1,93.14,92.85,93.0125,313931,0
2026-04-09T00:00:00+05:30,93.05,93.4,92.94,93.2175,235313,0
2026-04-10T00:00:00+05:30,93.2,93.44,93.0375,93.1575,241883,0
2026-04-13T00:00:00+05:30,93.3,93.74,93.3,93.5125,264996,0
2026-04-15T00:00:00+05:30,93.45,93.55,93.23,93.515,208943,0
2026-04-16T00:00:00+05:30,93.4325,93.4725,93.2525,93.3,126424,0
2026-04-17T00:00:00+05:30,93.2,93.2,92.73,92.98,245124,0
2026-04-20T00:00:00+05:30,92.85,93.235,92.7525,93.1525,308455,0
2026-04-21T00:00:00+05:30,93.2,93.645,93.14,93.4325,305360,0
2026-04-22T00:00:00+05:30,93.685,93.885,93.52,93.7775,321555,0
2026-04-23T00:00:00+05:30,93.9125,94.17,93.9125,94.0875,256196,0
2026-04-24T00:00:00+05:30,94.2,94.3275,94.15,94.2275,289137,0
2026-04-27T00:00:00+05:30,94.1875,94.325,94.0875,94.1275,580289,0
2026-04-28T00:00:00+05:30,94.22,94.75,94.21,94.495,566022,0
2026-04-29T00:00:00+05:30,95,95.1,94.92,95.01,473428,0
2026-04-30T00:00:00+05:30,95.1,95.5475,95.0725,95.115,487662,0
2026-05-04T00:00:00+05:30,95.12,95.43,94.99,95.345,157076,0
2026-05-05T00:00:00+05:30,95.4,95.57,95.36,95.3875,437302,0
2026-05-06T00:00:00+05:30,95.25,95.31,94.41,94.4775,384435,0
2026-05-07T00:00:00+05:30,94.65,94.985,93.875,94.3325,444258,0
2026-05-08T00:00:00+05:30,94.48,94.785,94.44,94.565,273605,0
2026-05-11T00:00:00+05:30,94.8,95.42,94.8,95.3225,169796,0
2026-05-12T00:00:00+05:30,95.6,95.8125,95.3825,95.7425,384379,0
2026-05-13T00:00:00+05:30,95.55,95.81,95.55,95.745,748164,0
2026-05-14T00:00:00+05:30,95.65,95.95,95.56,95.7675,736701,0
2026-05-15T00:00:00+05:30,95.83,96.075,95.675,95.7775,776110,0
2026-05-18T00:00:00+05:30,95.95,96.4475,95.95,96.3975,515028,0
2026-05-19T00:00:00+05:30,96.44,96.67,96.29,96.62,324494,0
2026-05-20T00:00:00+05:30,96.93,97.61,96.705,96.8075,512431,0
2026-05-21T00:00:00+05:30,96.35,96.5,95.9425,96.3125,985503,0
2026-05-22T00:00:00+05:30,96.17,96.25,95.61,95.6725,854344,0
2026-05-25T00:00:00+05:30,95.45,95.49,95.065,95.2275,479925,0
2026-05-26T00:00:00+05:30,95.3,95.44,95.2625,95.4325,494765,0
2026-05-27T00:00:00+05:30,96,96.11,95.88,96.06,387528,0
2026-05-29T00:00:00+05:30,95.94,96,95.12,95.265,778625,0
2026-06-01T00:00:00+05:30,95.3,95.3275,95.07,95.1225,778065,0
2026-06-02T00:00:00+05:30,95.185,95.48,95.185,95.4225,851670,0
2026-06-03T00:00:00+05:30,95.53,95.925,95.53,95.7975,796680,0
2026-06-04T00:00:00+05:30,95.845,95.94,95.75,95.8825,429763,0
2026-06-05T00:00:00+05:30,95.81,95.9025,95.0025,95.1375,498159,0
2026-06-08T00:00:00+05:30,95.25,95.82,95.25,95.685,467342,0
2026-06-09T00:00:00+05:30,95.6,95.76,95.29,95.4,270822,0
2026-06-10T00:00:00+05:30,95.47,95.6575,95.1475,95.4175,270424,0
2026-06-11T00:00:00+05:30,95.65,95.8525,95.5,95.8275,557960,0
2026-06-12T00:00:00+05:30,95.57,95.5975,94.95,95.245,335852,0
2026-06-15T00:00:00+05:30,94.78,94.96,94.5,94.695,303307,0
2026-06-16T00:00:00+05:30,94.78,94.78,94.47,94.56,166114,0
2026-06-17T00:00:00+05:30,94.5,94.59,94.26,94.5525,237573,0
2026-06-18T00:00:00+05:30,94.65,94.72,94.2,94.4475,301547,0
2026-06-19T00:00:00+05:30,94.38,94.56,94.24,94.3725,255656,0
2026-06-22T00:00:00+05:30,94.48,94.79,94.2825,94.6125,296300,0
2026-06-23T00:00:00+05:30,94.78,94.9225,94.61,94.745,316651,0
2026-06-24T00:00:00+05:30,94.9,94.95,94.4925,94.545,690881,0
2026-06-25T00:00:00+05:30,94.4,94.5,94.1075,94.4525,544696,0
2026-06-29T00:00:00+05:30,94.72,94.9225,94.55,94.79,183893,0
2026-06-30T00:00:00+05:30,94.82,95.05,94.8,94.895,235591,0
2026-07-01T00:00:00+05:30,94.855,95.54,94.83,95.4025,255897,0
2026-07-02T00:00:00+05:30,95.3,95.6475,95.0575,95.6175,517902,0
2026-07-03T00:00:00+05:30,95.48,95.56,95.28,95.4025,351177,0
2026-07-06T00:00:00+05:30,95.455,95.65,95.42,95.5625,440395,0
2026-07-07T00:00:00+05:30,95.5,95.535,95.0325,95.0725,297697,0
2026-07-08T00:00:00+05:30,95.21,95.84,95.14,95.72,673159,0
2026-07-09T00:00:00+05:30,95.715,95.8,95.405,95.65,315495,0
2026-07-10T00:00:00+05:30,95.49,95.59,95.37,95.525,232087,0
2026-07-13T00:00:00+05:30,95.82,95.98,95.71,95.81,607043,0
2026-07-14T00:00:00+05:30,95.965,96.4925,95.9025,96.4075,579212,0
2026-07-15T00:00:00+05:30,96.35,96.515,96.16,96.49,434204,0
2026-07-16T00:00:00+05:30,96.48,96.49,96.335,96.4325,336274,0
2026-07-17T00:00:00+05:30,99.325,99.325,96.32,96.345,333242,0
2026-07-20T00:00:00+05:30,96.43,96.59,96.405,96.5,498590,0
2026-07-21T00:00:00+05:30,96.49,96.515,96.1725,96.3,211842,0
2026-07-22T00:00:00+05:30,96.4,96.6325,96.31,96.595,591028,0
2026-07-23T00:00:00+05:30,96.645,96.66,96.45,96.625,566180,0
2026-07-24T00:00:00+05:30,96.7,96.75,96.2675,96.525,1094405,0
2026-07-27T00:00:00+05:30,96.25,96.4,95.6,95.915,834188,0
2026-07-28T00:00:00+05:30,95.85,95.87,95,95.8075,597385,0
2026-07-29T00:00:00+05:30,95.78,95.88,95.63,95.695,395621,0
2026-07-30T00:00:00+05:30,95.95,96.0025,95.82,95.8725,426507,0
2026-07-31T00:00:00+05:30,95.7,95.7,95.47,95.5975,519644,0
2026-08-03T00:00:00+05:30,95.45,95.5625,95.1975,95.545,544046,0
2026-08-04T00:00:00+05:30,95.505,95.6,95.3575,95.4575,538924,0
2026-08-05T00:00:00+05:30,95.18,95.36,94.99,95.2175,341727,0
2026-08-06T00:00:00+05:30,95.18,95.35,95.155,95.3375,389361,0
2026-08-07T00:00:00+05:30,95.45,95.45,95.2,95.2475,805388,0
2026-08-10T00:00:00+05:30,95.2575,95.3475,95.2,95.3275,703491,0
2026-08-11T00:00:00+05:30,95.35,95.485,95.35,95.4075,802802,0
2026-08-12T00:00:00+05:30,95.49,95.49,95.27,95.395,390770,0
2026-08-13T00:00:00+05:30,95.4,95.5,95.37,95.4625,541019,0
2026-08-14T00:00:00+05:30,95.4875,95.4875,95.4025,95.445,349552,0
2026-08-17T00:00:00+05:30,95.51,95.65,95.18,95.6325,907880,0
2026-08-18T00:00:00+05:30,95.6775,95.7,95.565,95.655,715266,0
2026-08-19T00:00:00+05:30,95.69,95.77,95.5,95.675,1136589,0
2026-08-20T00:00:00+05:30,95.51,95.6775,95.51,95.65,365465,0
2026-08-21T00:00:00+05:30,95.62,95.72,95.61,95.6825,812447,0
2026-08-24T00:00:00+05:30,95.6325,95.69,95.6125,95.6875,593892,0
2026-08-25T00:00:00+05:30,95.6825,95.71,95.25,95.3975,878556,0
2026-08-27T00:00:00+05:30,95.39,95.49,95.35,95.475,524145,0
2026-08-28T00:00:00+05:30,95.75,95.75,95.5025,95.61,432135,0
2026-08-31T00:00:00+05:30,95.56,95.66,95.2,95.24,943147,0
2026-09-01T00:00:00+05:30,95.2125,95.2475,94.8475,95.0425,1235924,0
2026-09-02T00:00:00+05:30,95.06,95.175,94.905,95.035,1069889,0
2026-09-03T00:00:00+05:30,95.0125,95.0125,94.34,94.6175,748371,0
2026-09-04T00:00:00+05:30,94.5025,94.6,94.44,94.5225,927737,0
2026-09-07T00:00:00+05:30,94.53,94.585,94.4225,94.5675,495277,0
2026-09-08T00:00:00+05:30,94.5675,94.9325,94.5575,94.835,899591,0
2026-09-09T00:00:00+05:30,94.9775,95.2625,94.8775,95.1675,417938,0
2026-09-10T00:00:00+05:30,95.25,95.5475,95.215,95.53,355467,0
2026-09-11T00:00:00+05:30,95.6875,95.99,95.61,95.6275,222736,0
