date,spot_close,total_volume_lots,total_oi_lots_clean,volume_weighted_strike,vwks,oi_data_quality,oi_strikes_dropped_negative,oi_strikes_total
2024-01-01,21741.9,8.7,28.7,23000.0,1.05787,clean,0,1
2024-01-02,21665.8,50.1,161.3,21080.45,0.97298,clean,0,4
2024-01-03,21517.35,9.4,107.3,21926.03,1.01899,clean,0,3
2024-01-04,21658.6,7.4,105.3,18922.24,0.87366,clean,0,2
2024-01-08,21513.0,4.0,59.3,22500.0,1.04588,clean,0,2
2024-01-09,21544.85,2.7,28.7,22000.0,1.02113,clean,0,1
2024-01-10,21618.7,0.7,28.7,23000.0,1.06389,clean,0,1
2024-01-12,21894.55,10.0,38.0,22932.27,1.0474,clean,0,3
2024-01-15,22097.45,4.7,92.7,20289.77,0.9182,clean,0,2
2024-01-16,22032.3,20.7,77.3,22415.43,1.01739,clean,0,5
2024-01-17,21571.95,6.1,48.7,21552.86,0.99912,clean,0,4
2024-01-18,21462.25,21.4,52.7,18314.41,0.85333,clean,0,3
2024-01-19,21622.4,4.0,40.7,18000.0,0.83247,clean,0,1
2024-01-20,21571.8,2.7,8.0,23000.0,1.06621,clean,0,1
2024-01-23,21238.8,2.0,34.0,23000.0,1.08292,clean,0,1
2024-01-24,21453.95,1.4,50.7,21250.0,0.99049,clean,0,2
2024-01-25,21352.6,19.4,89.3,20827.94,0.97543,clean,0,3
2024-01-29,21737.6,16.1,182.7,21042.29,0.96801,clean,0,6
2024-01-30,21522.1,34.7,107.3,21020.35,0.97669,clean,0,3
2024-01-31,21725.7,0.7,13.3,23000.0,1.05865,clean,0,1
2024-02-01,21697.45,0.7,51.3,19000.0,0.87568,clean,0,1
2024-02-06,21929.4,0.7,35.3,23000.0,1.04882,clean,0,1
2024-02-07,21930.5,22.7,48.7,19500.0,0.88917,clean,0,2
2024-02-08,21717.95,7.4,132.7,18111.91,0.83396,clean,0,5
2024-02-13,21743.25,0.7,8.0,22000.0,1.01181,clean,0,1
2024-02-14,21840.05,4.7,63.3,22713.88,1.04001,clean,0,3
2024-02-15,21910.75,8.0,82.0,19592.04,0.89417,clean,0,3
2024-02-16,22040.7,26.0,74.7,20411.67,0.92609,clean,0,3
2024-02-19,22122.25,20.7,86.0,21132.48,0.95526,clean,0,5
2024-02-20,22196.95,20.1,122.7,21732.71,0.97909,clean,0,4
2024-02-21,22055.05,11.4,40.7,22000.0,0.9975,clean,0,2
2024-02-22,22217.45,4.7,24.7,23000.0,1.03522,clean,0,1
2024-02-23,22212.7,15.4,34.0,23000.0,1.03544,clean,0,2
2024-02-26,22122.05,11.4,74.7,22822.98,1.03168,clean,0,3
2024-02-27,22198.35,22.0,46.0,21789.47,0.98158,clean,0,3
2024-02-28,21951.15,12.7,76.0,22788.48,1.03815,clean,0,4
2024-02-29,21982.8,3.3,33.3,23000.0,1.04627,clean,0,1
2024-03-01,22338.75,14.7,144.0,22723.08,1.0172,clean,0,5
2024-03-02,22378.4,0.7,31.3,22000.0,0.98309,clean,0,1
2024-03-04,22405.6,10.0,64.0,23067.73,1.02955,clean,0,3
2024-03-06,22474.05,0.7,10.7,22000.0,0.97891,clean,0,1
2024-03-11,22332.65,7.4,98.7,20049.73,0.89778,clean,0,3
2024-03-13,21997.7,14076.0,68.7,19430.99,0.88332,clean,0,3
2024-03-14,22146.65,26.7,6165.3,21377.56,0.96527,clean,0,5
2024-03-15,22023.35,16.7,6134.0,22599.36,1.02615,clean,0,3
2024-03-18,22055.7,9.4,52.7,23072.65,1.04611,clean,0,2
2024-03-19,21817.45,32.1,276.7,20000.0,0.9167,clean,0,8
2024-03-20,21839.1,20.0,54.7,16334.89,0.74797,clean,0,2
2024-03-21,22011.95,26.0,6135.3,20283.15,0.92146,clean,0,3
2024-03-22,22096.75,1.4,22.0,20750.0,0.93905,clean,0,2
2024-03-26,22004.7,33.4,88.0,18582.9,0.8445,clean,0,3
2024-03-27,22123.65,8.0,54.0,23000.0,1.03961,clean,0,1
2024-03-28,22326.9,24.8,206.7,22545.77,1.0098,clean,0,7
2024-04-01,22462.0,20.7,84.7,22420.31,0.99814,clean,0,5
2024-04-02,22453.3,31.4,6316.7,21297.71,0.94853,clean,0,8
2024-04-03,22434.65,41.5,6306.7,22546.16,1.00497,clean,0,9
2024-04-04,22514.65,50.1,6326.0,22758.71,1.01084,clean,0,9
2024-04-05,22513.7,13.4,164.7,21400.8,0.95057,clean,0,3
2024-04-08,22666.3,76.1,304.7,22376.8,0.98723,clean,0,6
2024-04-09,22642.75,51.5,384.7,21804.66,0.96299,clean,0,9
2024-04-10,22753.8,9.4,154.0,22712.25,0.99817,clean,0,2
2024-04-12,22519.4,27.5,444.7,21535.18,0.95629,clean,0,10
2024-04-15,22272.5,32.1,6373.3,21811.62,0.97931,clean,0,8
2024-04-16,22147.9,22.1,6346.0,21062.12,0.95098,clean,0,8
2024-04-18,21995.85,22.8,310.0,21985.09,0.99951,clean,0,9
2024-04-19,22147.0,45.5,14548.0,21441.12,0.96813,clean,0,13
2024-04-22,22336.4,13.4,297.3,22799.0,1.02071,clean,0,5
2024-04-23,22368.0,21.5,6531.3,20688.2,0.9249,clean,0,10
2024-04-24,22402.4,40.1,307.3,19386.23,0.86536,clean,0,6
2024-04-25,22570.35,21.5,310.0,21310.75,0.94419,clean,0,7
2024-04-26,22419.95,8.4,296.7,22199.68,0.99018,clean,0,6
2024-04-29,22643.4,9.7,302.0,22242.47,0.98229,clean,0,5
2024-04-30,22604.85,8.8,327.3,22416.41,0.99166,clean,0,8
2024-05-02,22648.2,9.7,314.7,22896.03,1.01094,clean,0,6
2024-05-03,22475.85,19.8,303.3,22746.29,1.01203,clean,0,6
2024-05-06,22442.7,19.4,6314.3,21381.71,0.95272,clean,0,4
2024-05-07,22302.5,5.7,117.3,21939.25,0.98371,clean,0,3
2024-05-08,22302.5,6.4,122.7,22631.8,1.01477,clean,0,3
2024-05-09,21957.5,23.8,8293.7,21334.27,0.97162,clean,0,8
2024-05-10,22055.2,42.5,6638.3,21652.65,0.98175,clean,0,13
2024-05-13,22104.05,11.4,261.3,21202.8,0.95923,clean,0,8
2024-05-14,22217.85,73.5,511.7,22600.83,1.01724,clean,0,8
2024-05-15,22200.55,57.7,435.7,22272.06,1.00322,clean,0,5
2024-05-16,22403.85,35.8,512.0,22665.98,1.0117,clean,0,11
2024-05-17,22466.1,28.8,410.3,22708.99,1.01081,clean,0,8
2024-05-18,22502.0,2.0,350.3,22333.33,0.9925,clean,0,3
2024-05-21,22529.05,37.1,429.0,22539.9,1.00048,clean,0,7
2024-05-22,22597.8,48.1,495.7,22693.1,1.00422,clean,0,7
2024-05-23,22967.65,52.1,6695.0,22645.43,0.98597,clean,0,8
2024-05-24,22957.1,43.4,459.0,23024.25,1.00292,clean,0,7
2024-05-27,22932.45,44.4,620.3,22683.67,0.98915,clean,0,7
2024-05-28,22888.15,23.1,595.0,23504.04,1.02691,clean,0,7
2024-05-29,22704.7,31.8,563.7,21644.44,0.9533,clean,0,7
2024-05-30,22488.65,50.2,8718.7,22782.56,1.01307,clean,0,11
2024-05-31,22530.7,91.1,617.7,23219.46,1.03057,clean,0,9
2024-06-03,23263.9,161.1,790.3,23202.55,0.99736,clean,0,10
2024-06-04,21884.5,269.2,8797.0,22237.27,1.01612,clean,0,15
2024-06-05,22620.35,178.9,7121.7,22519.38,0.99554,clean,0,17
2024-06-06,22821.4,124.6,15080.3,21897.61,0.95952,clean,0,20
2024-06-07,23290.15,227.9,15112.7,22651.97,0.9726,clean,0,20
2024-06-10,23259.2,110.3,7160.3,23106.91,0.99345,clean,0,18
2024-06-11,23264.85,96.6,7229.7,23036.59,0.99019,clean,0,17
2024-06-12,23322.95,113.6,15275.7,23142.81,0.99228,clean,0,20
2024-06-13,23398.9,142.6,7340.3,23487.66,1.00379,clean,0,19
2024-06-14,23465.6,173.4,7527.3,23259.15,0.9912,clean,0,23
2024-06-18,23557.9,150.3,7540.0,22199.41,0.94233,clean,0,21
2024-06-19,23516.0,181.6,7496.7,22551.05,0.95897,clean,0,20
2024-06-20,23567.0,132.6,15577.3,23240.93,0.98616,clean,0,19
2024-06-21,23501.1,169.9,7741.3,22961.75,0.97705,clean,0,19
2024-06-24,23537.85,156.9,1601.0,23119.39,0.98222,clean,0,17
2024-06-25,23721.3,162.7,1781.0,22947.95,0.9674,clean,0,21
2024-06-26,23868.8,240.7,16070.3,23004.49,0.96379,clean,0,23
2024-06-27,24044.5,315.3,8301.0,23312.85,0.96957,clean,0,24
2024-06-28,24010.6,497.8,2383.3,23208.03,0.96657,clean,0,26
2024-07-01,24141.95,236.4,2328.0,23362.05,0.9677,clean,0,21
2024-07-02,24123.85,252.6,16498.7,23026.23,0.9545,clean,0,20
2024-07-03,24286.5,484.4,10869.3,23281.48,0.95862,clean,0,25
2024-07-04,24302.15,826.0,3281.7,23508.95,0.96736,clean,0,21
2024-07-05,24323.85,448.0,3419.3,23520.07,0.96696,clean,0,25
2024-07-08,24320.55,300.7,3484.3,23583.45,0.96969,clean,0,22
2024-07-09,24433.2,492.3,3515.0,23687.63,0.96949,clean,0,21
2024-07-10,24324.45,677.7,4095.7,23930.3,0.9838,clean,0,25
2024-07-11,24315.95,390.0,10256.7,23958.53,0.9853,clean,0,23
2024-07-12,24502.15,600.4,10695.7,23757.13,0.96959,clean,0,25
2024-07-15,24586.7,651.7,4822.3,23872.1,0.97094,clean,0,24
2024-07-16,24613.0,643.7,5196.0,23683.53,0.96224,clean,0,24
2024-07-18,24800.85,963.1,5641.0,23895.42,0.96349,clean,0,29
2024-07-19,24530.9,1345.1,6150.7,24196.64,0.98637,clean,0,29
2024-07-22,24509.25,799.2,6507.3,23583.6,0.96223,clean,0,28
2024-07-23,24479.05,1227.1,6866.7,23901.31,0.9764,clean,0,27
2024-07-24,24413.5,859.7,7150.7,23570.35,0.96546,clean,0,26
2024-07-25,24406.1,1191.5,7487.3,23757.67,0.97343,clean,0,28
2024-07-26,24834.85,1877.8,7906.7,23896.38,0.96221,clean,0,28
2024-07-29,24836.1,1771.2,8645.0,24110.72,0.97079,clean,0,30
2024-07-30,24857.3,890.4,22996.7,23981.99,0.96479,clean,0,29
2024-07-31,24951.15,1049.1,9487.7,24640.49,0.98755,clean,0,30
2024-08-01,25010.9,1088.9,9893.7,24627.22,0.98466,clean,0,29
2024-08-02,24717.7,1265.1,10437.7,24085.43,0.97442,clean,0,29
2024-08-05,24055.6,4098.6,10941.0,23895.76,0.99336,clean,0,31
2024-08-06,23992.55,2470.2,11442.0,24310.82,1.01327,clean,0,34
2024-08-07,24297.5,2004.9,11846.3,23750.19,0.97747,clean,0,31
2024-08-08,24117.0,1380.3,12416.7,24036.99,0.99668,clean,0,33
2024-08-09,24367.5,1532.5,12660.0,23850.87,0.9788,clean,0,28
2024-08-12,24347.0,1739.3,13557.3,23764.65,0.97608,clean,0,32
2024-08-13,24139.0,2301.5,20298.3,23749.02,0.98384,clean,0,31
2024-08-14,24143.75,1675.5,14712.3,23914.74,0.99051,clean,0,27
2024-08-16,24541.15,2862.9,15553.0,24027.86,0.97908,clean,0,28
2024-08-19,24572.65,1509.8,16189.0,24267.21,0.98757,clean,0,33
2024-08-20,24698.85,2408.9,17151.0,24208.45,0.98014,clean,0,31
2024-08-21,24770.2,2103.8,18046.7,24013.58,0.96945,clean,0,33
2024-08-22,24811.5,1819.2,18538.0,24107.03,0.97161,clean,0,32
2024-08-23,24823.15,1396.5,18918.7,24323.04,0.97985,clean,0,30
2024-08-26,25010.6,2920.2,19851.3,24509.83,0.97998,clean,0,30
2024-08-27,25017.75,1793.5,20545.7,24402.65,0.97541,clean,0,31
2024-08-28,25052.35,2321.8,21475.3,24502.75,0.97806,clean,0,33
2024-08-29,25151.95,2472.6,22797.0,24537.06,0.97555,clean,0,38
2024-08-30,25235.9,3517.6,24240.3,24761.68,0.98121,clean,0,37
2024-09-02,25278.7,3131.9,25568.3,24427.1,0.96631,clean,0,34
2024-09-03,25279.85,2623.2,26942.0,24409.89,0.96559,clean,0,34
2024-09-04,25198.7,2442.9,27551.0,23948.12,0.95037,clean,0,34
2024-09-05,25145.1,2161.2,27952.7,25123.92,0.99916,clean,0,32
2024-09-06,24852.15,4435.9,28918.0,24550.11,0.98785,clean,0,35
2024-09-09,24936.4,3151.9,29435.7,24233.79,0.97182,clean,0,31
2024-09-10,25041.1,2510.9,30445.0,24589.39,0.98196,clean,0,34
2024-09-11,24918.45,3256.9,31227.3,24536.28,0.98466,clean,0,34
2024-09-12,25388.9,4889.3,32887.0,25125.89,0.98964,clean,0,37
2024-09-13,25356.5,3254.9,34151.7,25004.31,0.98611,clean,0,33
2024-09-16,25383.75,3861.9,35686.7,24518.37,0.96591,clean,0,37
2024-09-17,25418.55,2506.2,36830.7,24779.59,0.97486,clean,0,37
2024-09-18,25377.55,3858.2,37839.0,24646.12,0.97118,clean,0,37
2024-09-19,25415.8,6218.7,39477.0,25204.35,0.99168,clean,0,37
2024-09-20,25790.95,9659.2,41988.7,25615.15,0.99318,clean,0,36
2024-09-23,25939.05,8871.7,44398.7,25647.08,0.98874,clean,0,39
2024-09-24,25940.4,7114.3,46421.7,25884.13,0.99783,clean,0,37
2024-09-25,26004.15,6968.3,47289.0,25411.23,0.9772,clean,0,38
2024-09-26,26216.05,11892.7,49847.3,25586.42,0.97598,clean,0,42
2024-09-27,26178.95,11548.5,52928.7,25868.61,0.98815,clean,0,44
2024-09-30,25810.85,9757.5,54393.7,25883.89,1.00283,clean,0,38
2024-10-01,25796.9,6729.4,56152.7,25950.81,1.00597,clean,0,40
2024-10-03,25250.1,17418.9,59052.3,25827.79,1.02288,clean,0,49
2024-10-04,25014.6,20029.9,63113.0,25693.13,1.02713,clean,0,50
2024-10-07,24795.75,14725.1,64869.0,25302.3,1.02043,clean,0,46
2024-10-08,25013.15,10880.9,65952.7,25543.91,1.02122,clean,0,46
2024-10-09,24981.95,9804.7,67331.7,25350.75,1.01476,clean,0,45
2024-10-10,24998.45,5972.3,68718.7,25305.14,1.01227,clean,0,41
2024-10-11,24964.25,7051.5,70868.3,25177.28,1.00853,clean,0,46
2024-10-14,25127.95,6122.5,77967.0,25155.71,1.0011,clean,0,44
2024-10-15,25057.35,8153.9,80432.3,25375.74,1.01271,clean,0,46
2024-10-16,24971.3,7149.9,76363.7,25117.77,1.00587,clean,0,46
2024-10-17,24749.85,12490.5,78057.7,25436.03,1.02772,clean,0,47
2024-10-18,24854.05,14325.0,80006.3,25404.64,1.02215,clean,0,49
2024-10-21,24781.1,10171.1,81430.7,25220.08,1.01771,clean,0,44
2024-10-22,24472.1,14161.1,83010.0,24911.04,1.01794,clean,0,48
2024-10-23,24435.5,14369.6,85410.7,24899.56,1.01899,clean,0,49
2024-10-24,24399.4,15404.0,90017.0,24639.71,1.00985,clean,0,50
2024-10-25,24180.8,26538.6,92945.0,24574.67,1.01629,clean,0,54
2024-10-28,24339.15,18739.3,94781.3,24500.64,1.00663,clean,0,52
2024-10-29,24466.85,14462.3,96770.3,25070.78,1.02468,clean,0,50
2024-10-30,24340.85,10640.3,98283.3,24734.69,1.01618,clean,0,53
2024-10-31,24205.35,10558.9,99837.3,24740.57,1.02211,clean,0,52
2024-11-01,24304.35,2428.3,100226.0,24488.15,1.00756,clean,0,61
2024-11-04,23995.35,46394.0,113273.0,24079.7,1.00352,clean,0,90
2024-11-05,24213.3,27551.4,116982.0,24532.31,1.01318,clean,0,126
2024-11-06,24484.05,30198.6,121174.7,24611.15,1.00519,clean,0,109
2024-11-07,24199.35,26374.9,125665.7,24515.39,1.01306,clean,0,103
2024-11-08,24148.2,24646.8,132105.7,24594.28,1.01847,clean,0,104
2024-11-11,24141.3,35316.1,140786.0,24676.37,1.02216,clean,0,112
2024-11-12,23883.45,36747.3,148455.0,24582.7,1.02928,clean,0,134
2024-11-13,23559.05,82641.7,164023.3,24281.05,1.03065,clean,0,161
2024-11-14,23532.7,57099.6,176022.3,24119.79,1.02495,clean,0,175
2024-11-18,23453.8,78849.6,189950.0,24209.51,1.03222,clean,0,186
2024-11-19,23518.5,95113.6,212941.3,24015.43,1.02113,clean,0,160
2024-11-21,23349.9,81072.6,226751.7,24090.11,1.0317,clean,0,164
2024-11-22,23907.25,119378.5,246396.0,24066.27,1.00665,clean,0,183
2024-11-25,24221.9,159317.7,268358.7,24209.51,0.99949,clean,0,193
2024-11-26,24194.5,68505.0,280000.3,24159.31,0.99855,clean,0,186
2024-11-27,24274.9,69954.6,287923.0,24076.64,0.99183,clean,0,194
2024-11-28,23914.15,179879.3,317219.7,24390.18,1.01991,clean,0,204
2024-11-29,24131.1,156208.2,337424.3,24274.57,1.00595,clean,0,238
2024-12-02,24276.05,146559.8,368898.0,24188.17,0.99638,clean,0,247
2024-12-03,24457.15,153678.4,379267.7,24259.4,0.99191,clean,0,272
2024-12-04,24467.45,220771.1,395737.7,24276.7,0.9922,clean,0,276
2024-12-05,24708.4,364534.2,412124.7,24481.98,0.99084,clean,0,315
2024-12-06,24677.8,215913.2,427569.7,24569.12,0.9956,clean,0,317
2024-12-09,24619.0,148619.8,437265.7,24562.84,0.99772,clean,0,343
2024-12-10,24610.05,140127.0,452114.7,24587.15,0.99907,clean,0,336
2024-12-11,24641.8,172548.0,478244.3,24544.96,0.99607,clean,0,337
2024-12-12,24548.7,166300.4,491586.0,24634.53,1.0035,clean,0,347
2024-12-13,24768.3,800864.2,555892.7,24555.18,0.9914,clean,0,433
2024-12-16,24668.25,377145.3,612701.0,24680.86,1.00051,clean,0,448
2024-12-17,24336.0,543901.2,663974.7,24583.98,1.01019,clean,0,538
2024-12-18,24198.85,672691.8,741934.7,24429.57,1.00953,clean,0,483
2024-12-19,23951.7,967323.2,846327.7,24286.84,1.01399,clean,0,538
2024-12-20,23587.5,2275478.5,1066810.3,24033.2,1.0189,clean,0,605
2024-12-23,23753.45,2801085.3,1312147.3,23945.58,1.00809,clean,0,686
2024-12-24,23727.65,3210896.6,1762753.7,23931.69,1.0086,clean,0,705
2024-12-26,23750.2,7616899.9,3046046.7,23923.74,1.00731,clean,0,744
2024-12-27,23813.4,28335413.4,4210104.7,23926.49,1.00475,clean,0,783
2024-12-30,23644.9,49141053.3,5057304.7,23829.94,1.00783,clean,0,845
2024-12-31,23644.8,54725387.7,6720887.7,23637.87,0.99971,clean,0,856
2025-01-01,23742.9,79352808.1,7387627.3,23721.06,0.99908,clean,0,869
2025-01-02,24188.65,220665925.3,7977594.0,23988.64,0.99173,clean,0,927
2025-01-03,24004.75,41199335.4,5557422.7,24164.31,1.00665,clean,0,797
2025-01-06,23616.05,73677516.3,6213956.7,23822.38,1.00874,clean,0,852
2025-01-07,23707.9,55980455.9,6720269.3,23741.57,1.00142,clean,0,852
2025-01-08,23688.95,129105933.4,7316553.3,23683.35,0.99976,clean,0,902
2025-01-09,23526.5,208494455.4,8565707.0,23619.49,1.00395,clean,0,893
2025-01-10,23431.5,55501529.9,4986805.3,23570.4,1.00593,clean,0,784
2025-01-13,23085.95,58039908.5,6433783.0,23410.9,1.01408,clean,0,864
2025-01-14,23176.05,52868415.2,7151071.3,23280.13,1.00449,clean,0,891
2025-01-15,23213.2,100284539.7,7532826.0,23234.36,1.00091,clean,0,864
2025-01-16,23311.8,173857793.3,8568373.0,23339.51,1.00119,clean,0,896
2025-01-17,23203.2,47846553.7,4839720.3,23289.07,1.0037,clean,0,803
2025-01-20,23344.75,44671180.6,5535632.7,23314.9,0.99872,clean,0,751
2025-01-21,23024.65,77047547.7,6124018.3,23289.94,1.01152,clean,0,785
2025-01-22,23155.35,101704722.4,6895313.3,23134.65,0.99911,clean,0,825
2025-01-23,23205.35,189917057.2,8194360.0,23183.08,0.99904,clean,0,822
2025-01-24,23092.2,41893691.2,4488899.7,23297.23,1.00888,clean,0,737
2025-01-27,22829.15,40911950.0,5204521.0,23072.22,1.01065,clean,0,763
2025-01-28,22957.25,46984691.5,5677130.7,23037.23,1.00348,clean,0,787
2025-01-29,23163.1,58795703.3,5979878.3,23124.02,0.99831,clean,0,787
2025-01-30,23249.5,150388459.3,6419094.3,23218.52,0.99867,clean,0,835
2025-01-31,23508.4,26236756.4,4381719.0,23448.46,0.99745,clean,0,732
2025-02-01,23482.15,68342946.2,5965016.3,23563.85,1.00348,clean,0,783
2025-02-03,23361.05,51916466.1,6744108.0,23413.87,1.00226,clean,0,777
2025-02-04,23739.25,67850635.5,6862256.0,23513.37,0.99048,clean,0,819
2025-02-05,23696.3,80217676.9,7774322.7,23664.37,0.99865,clean,0,864
2025-02-06,23603.35,190582230.3,8709274.0,23644.58,1.00175,clean,0,851
2025-02-07,23559.95,52615565.7,4849504.0,23596.12,1.00154,clean,0,763
2025-02-10,23381.6,48333868.3,5793927.3,23490.16,1.00464,clean,0,766
2025-02-11,23071.8,69554418.5,6504420.3,23271.86,1.00867,clean,0,833
2025-02-12,23045.25,140691602.3,7052032.7,23064.93,1.00085,clean,0,900
2025-02-13,23031.4,250236450.5,7622090.3,23105.01,1.0032,clean,0,913
2025-02-14,22929.25,63966212.7,5313003.3,23000.88,1.00312,clean,0,797
2025-02-17,22959.5,61396882.5,5812652.3,22946.93,0.99945,clean,0,889
2025-02-18,22945.3,56869830.9,6237816.0,22955.85,1.00046,clean,0,815
2025-02-19,22932.9,100328118.4,6556050.3,22956.85,1.00104,clean,0,851
2025-02-20,22913.15,177360192.3,7263786.7,22924.32,1.00049,clean,0,866
2025-02-21,22795.9,45556090.6,5224642.0,22874.53,1.00345,clean,0,892
2025-02-24,22553.35,51377315.0,6444332.7,22797.9,1.01084,clean,0,852
2025-02-25,22547.55,49140505.1,6633148.7,22723.92,1.00782,clean,0,904
2025-02-27,22545.05,108175092.9,7412749.3,22610.68,1.00291,clean,0,940
2025-02-28,22124.7,56482838.0,5546354.0,22392.9,1.01212,clean,0,1029
2025-03-03,22119.3,64658037.9,6243332.0,22227.17,1.00488,clean,0,1252
2025-03-04,22082.65,52306211.5,6780242.7,22183.21,1.00455,clean,0,948
2025-03-05,22337.3,110658583.5,7687489.3,22269.14,0.99695,clean,0,1276
2025-03-06,22544.7,279757742.3,8849746.7,22403.33,0.99373,clean,0,1262
2025-03-07,22552.5,59729006.0,6202306.3,22571.75,1.00085,clean,0,934
2025-03-10,22460.3,69162520.1,6808749.7,22551.24,1.00405,clean,0,888
2025-03-11,22497.9,67522124.6,7628110.0,22438.19,0.99735,clean,0,895
2025-03-12,22470.5,126422858.9,8164329.0,22457.67,0.99943,clean,0,944
2025-03-13,22397.2,242498664.9,9049474.3,22462.99,1.00294,clean,0,925
2025-03-17,22508.75,59059035.8,6513174.7,22476.86,0.99858,clean,0,835
2025-03-18,22834.3,67099082.0,7487730.7,22656.74,0.99222,clean,0,1063
2025-03-19,22907.6,94131776.0,7944895.7,22822.94,0.9963,clean,0,895
2025-03-20,23190.65,245891583.4,9195653.0,23047.25,0.99382,clean,0,1126
2025-03-21,23350.4,64672368.3,6469760.7,23265.22,0.99635,clean,0,1079
2025-03-24,23658.35,69293674.9,7223389.0,23500.38,0.99332,clean,0,1123
2025-03-25,23668.65,71762190.2,7928823.7,23675.6,1.00029,clean,0,1162
2025-03-26,23486.85,104846840.8,8253774.3,23646.36,1.00679,clean,0,1048
2025-03-27,23591.95,182396710.2,8369388.7,23540.95,0.99784,clean,0,1053
2025-03-28,23519.35,60433649.1,5747449.7,23546.99,1.00118,clean,0,910
2025-04-01,23165.7,70698166.9,7155793.7,23348.75,1.0079,clean,0,1096
2025-04-02,23332.35,102836851.2,8121965.7,23243.17,0.99618,clean,0,938
2025-04-03,23250.1,204887016.3,9546732.3,23237.57,0.99946,clean,0,960
2025-04-04,22904.45,66720674.2,6506253.7,23074.81,1.00744,clean,0,1045
2025-04-07,22161.6,73117215.7,6552433.3,22600.24,1.01979,clean,0,982
2025-04-08,22535.85,88026380.2,7394300.7,22624.63,1.00394,clean,0,1112
2025-04-09,22399.15,210676040.6,9208962.3,22451.75,1.00235,clean,0,1094
2025-04-11,22828.55,47881171.7,5277812.3,22899.95,1.00313,clean,0,952
2025-04-15,23328.55,45032590.6,6412293.7,23162.12,0.99287,clean,0,1009
2025-04-16,23437.2,101587889.9,6886991.3,23321.03,0.99504,clean,0,976
2025-04-17,23851.65,293956693.0,8936549.0,23578.57,0.98855,clean,0,1181
2025-04-21,24125.55,56907649.0,6131299.3,23828.77,0.9877,clean,0,1095
2025-04-22,24167.25,47214458.9,6640669.0,23967.11,0.99172,clean,0,950
2025-04-23,24328.95,103490963.6,7488168.0,24160.9,0.99309,clean,0,1043
2025-04-24,24246.7,151149616.0,7576995.7,24210.2,0.99849,clean,0,1023
2025-04-25,24039.35,73868700.8,5231134.7,24015.3,0.999,clean,0,1143
2025-04-28,24328.5,68497780.1,6364527.7,24103.21,0.99074,clean,0,934
2025-04-29,24335.95,73419430.2,7390684.0,24235.35,0.99587,clean,0,1015
2025-04-30,24334.2,222506662.2,8613082.0,24273.83,0.99752,clean,0,993
2025-05-02,24346.7,70950188.2,5251965.0,24282.55,0.99737,clean,0,1051
2025-05-05,24461.15,60047576.3,6550502.3,24348.27,0.99539,clean,0,905
2025-05-06,24379.6,53795879.1,7224678.0,24279.26,0.99588,clean,0,881
2025-05-07,24414.4,110189407.8,7964997.7,24251.31,0.99332,clean,0,1080
2025-05-08,24273.8,250082084.9,9207831.0,24289.28,1.00064,clean,0,1198
2025-05-09,24008.0,47123860.5,4925569.0,23982.39,0.99893,clean,0,1038
2025-05-12,24924.7,68553829.9,6251507.7,24555.93,0.9852,clean,0,1079
2025-05-13,24578.35,75797932.9,7405498.0,24691.71,1.00461,clean,0,1228
2025-05-14,24666.9,121303375.4,7988627.7,24625.41,0.99832,clean,0,1125
2025-05-15,25062.1,323623635.5,9294369.0,24797.99,0.98946,clean,0,1245
2025-05-16,25019.8,42874458.3,5487476.0,24920.61,0.99604,clean,0,921
2025-05-19,24945.45,43980058.9,6346428.0,24952.71,1.00029,clean,0,904
2025-05-20,24683.9,62896225.2,7341478.3,24893.67,1.0085,clean,0,952
2025-05-21,24813.45,119396982.4,7655805.3,24840.42,1.00109,clean,0,1187
2025-05-22,24609.7,289715823.2,8923839.0,24622.52,1.00052,clean,0,1194
2025-05-23,24853.15,49197826.2,5386546.3,24790.01,0.99746,clean,0,1094
2025-05-26,25001.15,46437429.5,6043168.7,24890.65,0.99558,clean,0,1039
2025-05-27,24826.2,63001336.1,6898918.0,24920.77,1.00381,clean,0,1126
2025-05-28,24752.45,75517137.8,7334981.0,24833.73,1.00328,clean,0,1091
2025-05-29,24833.6,212288370.8,7881458.3,24808.94,0.99901,clean,0,1092
2025-05-30,24750.7,36609435.6,4965129.0,24852.13,1.0041,clean,0,806
2025-06-02,24716.6,50868380.8,5848781.0,24776.63,1.00243,clean,0,1030
2025-06-03,24542.5,62637585.0,7041408.0,24747.49,1.00835,clean,0,1054
2025-06-04,24620.2,72338973.1,7485172.3,24688.52,1.00277,clean,0,888
2025-06-05,24750.9,277571603.3,8489832.6,24761.02,1.00041,clean,0,1074
2025-06-06,25003.05,56137774.1,5411641.7,24927.17,0.99697,clean,0,901
2025-06-09,25103.2,35021819.3,6177356.3,25068.22,0.99861,clean,0,811
2025-06-10,25104.25,44139779.4,6862038.0,25063.44,0.99837,clean,0,852
2025-06-11,25141.4,92682000.3,7463307.0,25119.87,0.99914,clean,0,914
2025-06-12,24888.2,296279727.0,8732871.3,25010.58,1.00492,clean,0,1058
2025-06-13,24718.6,45735481.1,5241588.0,24726.53,1.00032,clean,0,892
2025-06-16,24946.5,55634015.8,6083889.2,24865.08,0.99674,clean,0,1037
2025-06-17,24853.4,49941562.5,6559913.3,24885.01,1.00127,clean,0,882
2025-06-18,24812.05,96967432.6,7149351.7,24799.16,0.99948,clean,0,904
2025-06-19,24793.25,250551184.6,8803294.0,24813.76,1.00083,clean,0,917
2025-06-20,25112.4,53188954.6,5481526.7,24849.65,0.98954,clean,0,1021
2025-06-23,24971.9,60827395.7,6096951.0,24912.46,0.99762,clean,0,1057
2025-06-24,25044.35,93030412.9,6868689.7,25091.24,1.00187,clean,0,1082
2025-06-25,25244.75,93851768.1,7560115.7,25074.75,0.99327,clean,0,970
2025-06-26,25549.0,268030014.5,8125799.3,25311.3,0.9907,clean,0,1023
2025-06-27,25637.8,44791574.0,5095204.7,25513.9,0.99517,clean,0,876
2025-06-30,25517.05,58123238.7,6167621.0,25574.1,1.00224,clean,0,932
2025-07-01,25541.8,46830127.3,6631705.0,25517.89,0.99906,clean,0,890
2025-07-02,25453.4,101150236.0,7494320.7,25511.52,1.00228,clean,0,1084
2025-07-03,25405.3,312047025.2,8125105.7,25497.23,1.00362,clean,0,986
2025-07-04,25461.0,49249619.7,5040550.7,25426.15,0.99863,clean,0,826
2025-07-07,25461.3,44036512.2,5468892.0,25471.98,1.00042,clean,0,799
2025-07-08,25522.5,43511912.7,5937804.0,25485.98,0.99857,clean,0,822
2025-07-09,25476.1,86202240.1,6943836.3,25545.21,1.00271,clean,0,853
2025-07-10,25355.25,245310806.6,8173455.7,25439.98,1.00334,clean,0,961
2025-07-11,25149.85,48499968.5,5385506.3,25293.02,1.00569,clean,0,802
2025-07-14,25082.3,54847868.5,6169947.0,25158.95,1.00306,clean,0,812
2025-07-15,25195.8,61736692.6,6440483.3,25219.16,1.00093,clean,0,953
2025-07-16,25212.05,93877382.1,7277586.3,25222.72,1.00042,clean,0,824
2025-07-17,25111.45,217236545.9,7986844.7,25195.56,1.00335,clean,0,859
2025-07-18,24968.4,47481821.3,5226079.7,25061.46,1.00373,clean,0,766
2025-07-21,25090.7,60458109.2,5877605.0,25059.38,0.99875,clean,0,780
2025-07-22,25060.9,54066363.9,6511342.0,25117.39,1.00225,clean,0,772
2025-07-23,25219.9,92189278.7,7124670.0,25152.93,0.99734,clean,0,790
2025-07-24,25062.1,259783174.0,8213980.0,25127.82,1.00262,clean,0,899
2025-07-25,24837.0,55794903.3,5627097.7,24966.35,1.00521,clean,0,816
2025-07-28,24680.9,68034013.2,6402089.3,24853.85,1.00701,clean,0,852
2025-07-29,24821.1,62488311.9,6522319.7,24785.52,0.99857,clean,0,837
2025-07-30,24855.05,97915728.7,6848882.0,24878.14,1.00093,clean,0,844
2025-07-31,24768.35,293285068.2,7351456.3,24805.74,1.00151,clean,0,938
2025-08-01,24565.35,62400664.0,5081638.7,24750.87,1.00755,clean,0,774
2025-08-04,24722.75,57495460.0,5784386.3,24694.27,0.99885,clean,0,791
2025-08-05,24649.55,54249072.1,6228621.7,24683.35,1.00137,clean,0,806
2025-08-06,24574.2,102293915.7,7174232.7,24636.9,1.00255,clean,0,872
2025-08-07,24596.15,327669501.3,8563627.0,24496.6,0.99595,clean,0,1086
2025-08-08,24363.3,60281825.0,5643635.0,24530.24,1.00685,clean,0,799
2025-08-11,24585.05,62896887.8,6150374.7,24474.93,0.99552,clean,0,813
2025-08-12,24487.4,85483598.4,6824529.7,24594.93,1.00439,clean,0,964
2025-08-13,24619.35,117974393.6,7746525.3,24607.89,0.99953,clean,0,842
2025-08-14,24631.3,237227080.1,8411194.0,24630.52,0.99997,clean,0,819
2025-08-18,24876.95,59397075.4,5373344.3,24940.43,1.00255,clean,0,925
2025-08-19,24980.65,57375954.7,6254215.3,24952.13,0.99886,clean,0,766
2025-08-20,25050.55,95682860.9,7421679.3,24994.12,0.99775,clean,0,800
2025-08-21,25083.75,233611147.7,8166257.0,25084.44,1.00003,clean,0,822
2025-08-22,24870.1,51826882.5,5704184.0,25012.11,1.00571,clean,0,792
2025-08-25,24967.75,59415414.5,6018860.7,24997.82,1.0012,clean,0,796
2025-08-26,24712.05,76082577.7,6414480.0,24881.87,1.00687,clean,0,878
2025-08-28,24500.9,265093393.9,8178504.3,24619.68,1.00485,clean,0,974
2025-08-29,24426.85,95331321.6,6448601.7,24567.18,1.00574,clean,0,817
2025-09-01,24625.05,111342950.0,7695640.0,24560.67,0.99739,clean,0,811
2025-09-02,24579.6,358854163.1,8650305.3,24636.25,1.0023,clean,0,969
2025-09-03,24715.05,60536402.7,5437234.0,24619.44,0.99613,clean,0,733
2025-09-04,24734.3,73644048.2,6722904.0,24811.96,1.00314,clean,0,950
2025-09-05,24741.0,124783341.1,7471820.3,24737.72,0.99987,clean,0,929
2025-09-08,24773.15,136955373.5,8286407.7,24806.27,1.00134,clean,0,881
2025-09-09,24868.6,255585956.3,8774413.4,24831.98,0.99853,clean,0,779
2025-09-10,24973.1,51319548.7,5553363.3,24987.26,1.00057,clean,0,688
2025-09-11,25005.5,41389279.1,6564269.7,24974.24,0.99875,clean,0,673
2025-09-12,25114.0,66796583.3,7509985.3,25038.09,0.99698,clean,0,724
2025-09-15,25069.2,91133596.8,8297125.3,25070.6,1.00006,clean,0,732
2025-09-16,25239.1,235410956.6,8473568.7,25137.53,0.99598,clean,0,791
2025-09-17,25330.25,41418282.5,5118337.7,25291.25,0.99846,clean,0,700
2025-09-18,25423.6,52223510.3,6248890.3,25342.67,0.99682,clean,0,691
2025-09-19,25327.05,90789860.6,7189373.3,25334.74,1.0003,clean,0,737
2025-09-22,25202.35,130933558.8,8248732.3,25283.59,1.00322,clean,0,773
2025-09-23,25169.5,315494170.8,8183077.3,25209.2,1.00158,clean,0,826
2025-09-24,25056.9,55372778.9,5262373.0,25147.42,1.00361,clean,0,686
2025-09-25,24890.85,58003016.1,6564742.3,25108.76,1.00875,clean,0,727
2025-09-26,24654.7,108321040.3,7668506.7,24853.73,1.00807,clean,0,818
2025-09-29,24634.9,158534477.8,8252265.0,24739.21,1.00423,clean,0,835
2025-09-30,24611.1,269782652.7,8119950.7,24676.66,1.00266,clean,0,839
2025-10-01,24836.3,62765112.1,5455897.7,24732.52,0.99582,clean,0,826
2025-10-03,24894.25,101512101.5,7437015.3,24812.23,0.99671,clean,0,795
2025-10-06,25077.65,151583501.4,8166772.0,24946.08,0.99475,clean,0,805
2025-10-07,25108.3,314980345.6,8477093.3,25135.31,1.00108,clean,0,830
2025-10-08,25046.15,79302097.0,5648636.7,25132.19,1.00344,clean,0,761
2025-10-09,25181.8,69334458.1,6387738.7,25118.5,0.99749,clean,0,726
2025-10-10,25285.35,101511105.5,7551612.3,25214.18,0.99719,clean,0,756
2025-10-13,25227.35,137732266.2,8327180.7,25188.2,0.99845,clean,0,854
2025-10-14,25145.5,350892178.0,8651788.4,25175.49,1.00119,clean,0,819
2025-10-15,25323.55,63291909.0,5754699.0,25271.32,0.99794,clean,0,697
2025-10-16,25585.3,69040308.6,6700767.7,25426.5,0.99379,clean,0,768
2025-10-17,25709.85,161568985.7,7624142.3,25653.78,0.99782,clean,0,973
2025-10-20,25843.15,317139399.7,8371193.3,25830.3,0.9995,clean,0,1006
2025-10-21,25868.6,13094890.6,4861073.7,25892.68,1.00093,clean,0,653
2025-10-23,25891.4,68846584.8,6449652.0,25959.8,1.00264,clean,0,809
2025-10-24,25795.15,124752709.9,7761410.0,25864.03,1.00267,clean,0,938
2025-10-27,25966.05,134388907.4,8325060.0,25918.17,0.99816,clean,0,977
2025-10-28,25936.2,331057964.1,7807283.7,25914.19,0.99915,clean,0,1054
2025-10-29,26053.9,52333208.1,5114715.3,26053.71,0.99999,clean,0,969
2025-10-30,25877.85,57188243.7,6616412.3,26014.29,1.00527,clean,0,1061
2025-10-31,25722.1,105737757.6,8200454.3,25920.03,1.00769,clean,0,893
2025-11-03,25763.35,131178544.8,8669311.7,25793.12,1.00116,clean,0,975
2025-11-04,25597.65,291045650.0,8973096.3,25712.79,1.0045,clean,0,976
2025-11-06,25509.7,58595744.1,6339158.7,25677.48,1.00658,clean,0,823
2025-11-07,25492.3,118262269.0,7300159.0,25494.11,1.00007,clean,0,1006
2025-11-10,25574.35,124476364.7,8110390.0,25571.26,0.99988,clean,0,857
2025-11-11,25694.95,349528039.9,8654441.3,25596.28,0.99616,clean,0,1035
2025-11-12,25875.8,45696757.1,5094973.0,25829.71,0.99822,clean,0,875
2025-11-13,25879.15,56159177.4,5705435.0,25886.76,1.00029,clean,0,952
2025-11-14,25910.05,123394576.0,7318052.3,25861.56,0.99813,clean,0,1034
2025-11-17,26013.45,116181582.9,8051929.7,25925.08,0.9966,clean,0,1028
2025-11-18,25910.05,293122091.9,8526903.0,25948.74,1.00149,clean,0,873
2025-11-19,26052.65,50320808.9,5311507.7,25940.97,0.99571,clean,0,865
2025-11-20,26192.15,51061781.1,6253672.3,26036.22,0.99405,clean,0,909
2025-11-21,26068.15,94009215.2,6624663.0,26079.18,1.00042,clean,0,947
2025-11-24,25959.5,119030669.2,7537923.7,26070.72,1.00428,clean,0,884
2025-11-25,25884.8,275416088.5,7948617.0,25984.01,1.00383,clean,0,895
2025-11-26,26205.3,53162710.5,5563838.0,26100.42,0.996,clean,0,889
2025-11-27,26215.55,60784644.8,6271389.3,26190.46,0.99904,clean,0,907
2025-11-28,26202.95,81372368.6,7063988.3,26191.78,0.99957,clean,0,916
2025-12-01,26175.75,139633072.9,8123445.3,26207.98,1.00123,clean,0,944
2025-12-02,26032.2,295274826.6,8798787.7,26092.22,1.00231,clean,0,971
2025-12-03,25986.0,51360377.6,5520199.0,26040.22,1.00209,clean,0,892
2025-12-04,26033.75,54757545.2,6047414.7,26022.75,0.99958,clean,0,883
2025-12-05,26186.45,112541111.3,7075265.0,26091.75,0.99638,clean,0,897
2025-12-08,25960.55,164277616.5,8790856.7,26077.28,1.0045,clean,0,923
2025-12-09,25839.65,377873146.5,8690279.6,25878.8,1.00151,clean,0,966
2025-12-10,25758.0,66830520.3,5745599.0,25904.2,1.00568,clean,0,813
2025-12-11,25898.55,69873926.1,6282427.3,25871.16,0.99894,clean,0,880
2025-12-12,26046.95,100930306.3,7087489.0,25976.58,0.9973,clean,0,819
2025-12-15,26027.3,135479351.0,8241511.3,25963.96,0.99757,clean,0,851
2025-12-16,25860.1,273375727.7,8320078.3,25923.86,1.00247,clean,0,780
2025-12-17,25818.55,48393805.7,5607705.0,25917.97,1.00385,clean,0,719
2025-12-18,25815.55,57251022.9,6069118.0,25882.78,1.0026,clean,0,776
2025-12-19,25966.4,85163337.3,6791414.3,25908.01,0.99775,clean,0,779
2025-12-22,26172.4,84806686.2,7611371.7,26031.91,0.99463,clean,0,778
2025-12-23,26177.15,255649843.1,7869857.0,26149.78,0.99895,clean,0,851
2025-12-24,26142.1,42646682.2,5432680.7,26164.65,1.00086,clean,0,698
2025-12-26,26042.3,63686558.5,6505249.7,26117.97,1.00291,clean,0,744
2025-12-29,25942.1,105859007.6,7428013.7,26035.92,1.00362,clean,0,793
2025-12-30,25938.85,260970474.1,7928048.0,25951.32,1.00048,clean,0,822
2025-12-31,26129.6,61338838.4,5368055.0,26078.04,0.99803,clean,0,778
2026-01-01,26146.55,49724283.0,6460065.0,26120.32,0.999,clean,0,751
2026-01-02,26328.55,93546100.2,7870834.0,26204.34,0.99528,clean,0,788
2026-01-05,26250.3,175677880.7,8312583.0,26276.32,1.00099,clean,0,851
2026-01-06,26178.7,344614394.6,9116958.0,26191.88,1.0005,clean,0,859
2026-01-07,26140.75,68199480.8,5634162.0,26172.24,1.0012,clean,0,771
2026-01-08,25876.85,83320880.2,7497190.0,26080.84,1.00788,clean,0,825
2026-01-09,25683.3,149633959.8,8791185.0,25852.87,1.0066,clean,0,842
2026-01-12,25790.25,239053892.6,9513651.0,25704.0,0.99666,clean,0,917
2026-01-13,25732.3,487980113.9,9955293.0,25747.51,1.00059,clean,0,913
2026-01-14,25665.6,68599075.4,6125848.0,25764.24,1.00384,clean,0,738
2026-01-16,25694.35,154405663.8,7775028.0,25777.88,1.00325,clean,0,837
2026-01-19,25585.5,191041309.9,9214187.0,25617.39,1.00125,clean,0,845
2026-01-20,25232.5,421334720.6,9779699.0,25453.77,1.00877,clean,0,882
2026-01-21,25157.5,105222115.4,5991580.0,25245.85,1.00351,clean,0,888
2026-01-22,25289.9,95420728.0,6460444.0,25279.87,0.9996,clean,0,905
2026-01-23,25048.65,158003253.8,7916631.0,25238.59,1.00758,clean,0,884
2026-01-27,25175.4,415311491.5,8529427.0,25114.38,0.99758,clean,0,947
2026-01-28,25342.75,49038293.4,4233036.0,25348.54,1.00023,clean,0,762
2026-01-29,25418.9,47396476.0,4928591.0,25362.18,0.99777,clean,0,779
2026-01-30,25320.65,78188918.0,5791107.0,25333.21,1.0005,clean,0,817
2026-02-01,24825.45,198229487.2,8467239.0,25203.89,1.01524,clean,0,831
2026-02-02,25088.4,224370184.2,9188668.0,24928.27,0.99362,clean,0,836
2026-02-03,25727.55,413548046.5,9828664.0,25731.52,1.00015,clean,0,832
2026-02-04,25776.0,55064712.7,5553292.0,25757.8,0.99929,clean,0,697
2026-02-05,25642.8,50941977.6,6770636.0,25701.35,1.00228,clean,0,690
2026-02-06,25693.7,122139532.1,7704755.0,25612.71,0.99685,clean,1,717
2026-02-09,25867.3,125978542.8,8655690.0,25780.54,0.99665,clean,2,724
2026-02-10,25935.15,349044355.8,9021808.0,25900.47,0.99866,clean,1,719
2026-02-11,25953.85,50616173.8,5026419.0,25930.63,0.99911,clean,6,604
2026-02-12,25807.2,50491995.9,6131640.0,25869.39,1.00241,clean,4,612
2026-02-13,25471.1,102452435.0,7677168.0,25641.6,1.00669,clean,3,661
2026-02-16,25682.75,153783634.5,8188426.0,25560.73,0.99525,clean,6,703
2026-02-17,25725.4,416751645.3,8804115.0,25680.73,0.99826,clean,5,705
2026-02-18,25819.35,58168696.5,4563403.6,25721.95,0.99623,CORRUPTED,21,804
2026-02-19,25454.35,71029377.0,6132873.0,25684.09,1.00903,clean,12,839
2026-02-20,25571.25,125703059.8,6555568.0,25563.77,0.99971,CORRUPTED,46,876
2026-02-23,25713.0,158878830.2,7445615.0,25647.64,0.99746,clean,10,911
2026-02-24,25424.65,370808523.4,7700903.0,25473.61,1.00193,clean,10,949
2026-02-25,25482.5,67932984.4,3463286.0,25556.31,1.0029,CORRUPTED,90,742
2026-02-26,25496.55,69725886.7,4186540.9,25513.52,1.00067,CORRUPTED,98,750
2026-02-27,25178.65,136384578.9,5605307.9,25371.58,1.00766,CORRUPTED,122,758
2026-03-02,24865.7,469131454.5,5752928.0,24822.59,0.99827,CORRUPTED,35,819
2026-03-04,24473.95,51788321.0,16987.0,24690.45,1.00885,CORRUPTED,175,718
2026-03-05,24737.45,60698101.0,73997.0,24703.51,0.99863,CORRUPTED,193,757
2026-03-06,24469.4,88462931.0,29755.6,24631.88,1.00664,CORRUPTED,222,775
2026-03-09,24005.8,114286172.0,17667.2,24174.36,1.00702,CORRUPTED,132,811
2026-03-10,24286.15,432138088.0,5836.9,24216.88,0.99715,CORRUPTED,21,868
2026-03-11,23848.2,48683865.0,22716.7,24092.66,1.01025,CORRUPTED,201,842
2026-03-12,23639.35,48551097.0,39422.1,23885.91,1.01043,CORRUPTED,169,862
2026-03-13,23170.9,91457501.0,8997.8,23457.16,1.01235,CORRUPTED,68,902
2026-03-16,23355.6,172720081.0,10683.3,23286.13,0.99703,CORRUPTED,93,959
2026-03-17,23558.8,499671105.0,4356.0,23482.07,0.99674,CORRUPTED,23,982
2026-03-18,23764.1,51769953.0,10770.1,23760.7,0.99986,CORRUPTED,185,742
2026-03-19,23087.85,52599550.0,57985.3,23394.98,1.0133,CORRUPTED,181,748
2026-03-20,23134.65,91537082.0,3558.0,23217.72,1.00359,CORRUPTED,20,753
2026-03-23,22492.65,114837211.0,33821.6,22716.26,1.00994,CORRUPTED,218,769
2026-03-24,22958.4,463596194.0,9185.0,22873.58,0.99631,CORRUPTED,63,1053
2026-03-25,23309.0,40653353.0,44285.3,23347.06,1.00163,CORRUPTED,166,784
2026-03-27,22839.5,81452111.0,10844.9,22976.28,1.00599,CORRUPTED,52,790
2026-03-30,22379.2,362972554.0,3541.0,22538.52,1.00712,clean,16,973
2026-04-01,22703.15,42565610.0,18798.0,22890.73,1.00826,CORRUPTED,231,696
2026-04-02,22700.7,46017779.0,88288.0,22586.45,0.99497,CORRUPTED,150,721
2026-04-06,22959.45,127154002.0,18341.0,22757.95,0.99122,CORRUPTED,177,736
2026-04-07,23129.95,427691930.0,30858.0,22953.28,0.99236,CORRUPTED,61,876
2026-04-08,24012.35,44621682.0,29947.0,23867.93,0.99399,CORRUPTED,194,675
2026-04-09,23766.05,47338826.0,41154.0,23843.26,1.00325,CORRUPTED,126,695
2026-04-10,24050.5,91954934.0,28911.0,23934.79,0.99519,CORRUPTED,184,712
2026-04-13,23818.9,740119224.0,13967.0,23766.01,0.99778,CORRUPTED,71,716
2026-04-15,24211.9,36837786.0,15491.0,24037.76,0.99281,CORRUPTED,164,531
2026-04-16,24188.4,44033901.0,47949.0,24147.06,0.99829,CORRUPTED,133,533
2026-04-17,24366.9,69023430.0,43050.0,24214.08,0.99373,CORRUPTED,147,534
2026-04-20,24330.9,117455464.0,28589.0,24365.98,1.00144,CORRUPTED,134,535
2026-04-21,24580.6,342566276.0,11881.0,24487.96,0.99623,CORRUPTED,48,735
2026-04-22,24367.65,33886501.0,2174.0,24371.79,1.00017,CORRUPTED,46,508
2026-04-23,24156.05,37195416.0,4511.0,24260.38,1.00432,CORRUPTED,34,510
2026-04-24,23903.95,74045467.0,7313.0,24032.67,1.00538,CORRUPTED,23,511
2026-04-27,24110.2,120998693.0,47.0,24074.33,0.99851,clean,3,517
2026-04-28,24016.5,347659941.0,23.0,24046.6,1.00125,clean,4,528
2026-04-29,24163.6,43076409.0,7016.0,24225.7,1.00257,CORRUPTED,104,225
2026-04-30,24043.7,46679908.0,59643.0,23980.94,0.99739,CORRUPTED,70,226
2026-05-04,24123.8,167473298.0,12099.0,24132.03,1.00034,CORRUPTED,112,226
2026-05-05,24052.15,431640931.0,0.0,24033.92,0.99924,CORRUPTED,45,230
